Код клиента,Общая выручка,Общая прибыль,Количество заказов,Последняя покупка,Средняя прибыль на заказ,Recency,Frequency,Monetary,R_Score,F_Score,M_Score,RFM_Score,RFM_Segment,Кумулятивная прибыль,Процент кумулятивной прибыли,ABC,CV,XYZ
5753467.0,41007.42,4942.51,670,2025-07-20 19:38:32,7.376880597014925,0,670,4942.51,4,4,4,12,Чемпионы,4942.51,0.09407733683920204,A,0.4543791119895529,Y
7744108.0,28145.27,3691.49,369,2025-07-21 09:55:23,10.004037940379403,0,369,3691.49,4,4,4,12,Чемпионы,8634.0,0.16434235363604127,A,0.5358960950553924,Z
156488695.0,21390.42,2583.12,140,2025-07-18 16:54:32,18.450857142857142,3,140,2583.12,4,4,4,12,Чемпионы,11217.119999999999,0.2135102967127532,B,0.5850082714305185,Z
9146907.0,8091.61,1032.27,83,2025-07-15 18:18:56,12.436987951807229,6,83,1032.27,4,4,4,12,Чемпионы,12249.39,0.23315885837454106,B,1.0322551056925344,Z
3545859.0,6733.82,978.03,50,2025-06-20 14:18:30,19.5606,31,50,978.03,3,4,4,11,Чемпионы,13227.42,0.2517749983011866,B,1.0589732134398278,Z
6810682.0,5715.78,917.02,73,2025-06-27 16:48:06,12.561917808219178,24,73,917.02,4,4,4,12,Чемпионы,14144.44,0.26922985411903727,B,0.9521403981490288,Z
7459552.0,5913.74,854.5500000000001,57,2025-06-08 00:06:57,14.992105263157896,43,57,854.5500000000001,3,4,4,11,Чемпионы,14998.99,0.2854956357150158,B,0.7879727632824168,Z
155506368.0,4535.81,522.75,78,2025-07-21 12:53:59,6.701923076923077,0,78,522.75,4,4,4,12,Чемпионы,15521.74,0.2954458285993383,B,0.8433786446905126,Z
5537158.0,4106.44,506.84999999999997,66,2025-07-20 20:26:28,7.679545454545454,0,66,506.84999999999997,4,4,4,12,Чемпионы,16028.59,0.3050933757316556,B,0.6914437703012875,Z
155395407.0,3484.23,436.8199999999999,18,2025-07-15 08:28:09,24.26777777777777,6,18,436.8199999999999,4,4,4,12,Чемпионы,16465.41,0.31340794915246817,B,1.0049890456474948,Z
8486992.0,2791.56,388.49000000000007,63,2025-07-15 11:23:16,6.166507936507937,6,63,388.49000000000007,4,4,4,12,Чемпионы,16853.9,0.320802593693129,B,0.71150003058213,Z
156682979.0,2663.15,387.84000000000003,34,2025-07-07 10:39:01,11.407058823529413,14,34,387.84000000000003,4,4,4,12,Чемпионы,17241.74,0.3281848659231733,B,1.0739483897341129,Z
4444802.0,2334.15,385.99999999999994,41,2025-07-09 11:44:31,9.414634146341463,12,41,385.99999999999994,4,4,4,12,Чемпионы,17627.74,0.3355321149970107,B,0.8170167950504159,Z
4878620.0,2498.51,370.61000000000007,93,2025-07-19 18:48:32,3.985053763440861,2,93,370.61000000000007,4,4,4,12,Чемпионы,17998.350000000002,0.3425864258240959,B,0.8924114132317288,Z
8871318.0,3494.31,369.9599999999999,38,2025-06-28 10:27:42,9.735789473684209,23,38,369.9599999999999,4,4,4,12,Чемпионы,18368.31,0.34962836434056443,B,0.9684486589793088,Z
8665647.0,2807.69,369.61999999999995,44,2025-05-20 18:41:19,8.400454545454544,62,44,369.61999999999995,3,4,4,11,Чемпионы,18737.93,0.35666383118686434,B,1.342558410294938,Z
8823563.0,2798.56,367.83,51,2025-07-16 08:29:17,7.21235294117647,5,51,367.83,4,4,4,12,Чемпионы,19105.760000000002,0.3636652265931587,B,0.7740397442244046,Z
4597472.0,3532.7999999999997,364.66999999999996,48,2025-07-08 12:30:08,7.597291666666666,13,48,364.66999999999996,4,4,4,12,Чемпионы,19470.43,0.37060647353553244,B,0.26390919328839224,Y
155275628.0,2547.72,364.41999999999996,40,2025-07-18 00:12:48,9.110499999999998,3,40,364.41999999999996,4,4,4,12,Чемпионы,19834.85,0.3775429618968998,B,0.9808961219547586,Z
3448331.0,1876.57,362.8299999999999,48,2025-07-10 21:32:09,7.558958333333332,10,48,362.8299999999999,4,4,4,12,Чемпионы,20197.68,0.38444918568306674,B,1.3877824785584174,Z
10041903.0,2015.2,357.48,32,2025-06-24 19:36:13,11.17125,26,32,357.48,3,4,4,11,Чемпионы,20555.16,0.39125357583569725,B,1.8796366375234475,Z
9271451.0,1973.21,354.83000000000004,41,2025-07-08 15:11:06,8.65439024390244,13,41,354.83000000000004,4,4,4,12,Чемпионы,20909.99,0.3980075250296603,B,0.7713384589968387,Z
10327363.0,2800.67,352.34999999999997,43,2025-07-01 11:04:27,8.194186046511627,20,43,352.34999999999997,4,4,4,12,Чемпионы,21262.34,0.40471426910004005,B,1.03104366726692,Z
155309272.0,3174.08,351.61,47,2025-07-07 11:28:45,7.481063829787234,14,47,351.61,4,4,4,12,Чемпионы,21613.95,0.411406927770641,B,0.7039082777583002,Z
8126916.0,2486.03,345.59999999999997,34,2025-07-17 16:08:58,10.16470588235294,4,34,345.59999999999997,4,4,4,12,Чемпионы,21959.55,0.4179851901538487,B,0.7362891114968394,Z
156210099.0,2497.31,330.06,15,2025-06-19 15:53:25,22.004,32,15,330.06,3,4,4,11,Чемпионы,22289.61,0.4242676591417005,B,1.1716108106607852,Z
6036486.0,2758.46,329.23999999999995,30,2025-06-26 22:13:39,10.974666666666666,24,30,329.23999999999995,4,4,4,12,Чемпионы,22618.850000000002,0.43053451998385134,B,0.8262992488360743,Z
7966028.0,2743.59,326.8200000000001,17,2025-07-18 18:36:26,19.224705882352946,3,17,326.8200000000001,4,4,4,12,Чемпионы,22945.670000000002,0.4367553177618605,B,1.1975173267739172,Z
1778534.0,3793.1600000000003,319.72,39,2025-07-20 12:52:12,8.19794871794872,1,39,319.72,4,4,4,12,Чемпионы,23265.390000000003,0.4428409718392887,B,0.9736507972195806,Z
156462125.0,2656.94,317.22,39,2025-07-17 12:58:34,8.133846153846154,4,39,317.22,4,4,4,12,Чемпионы,23582.610000000004,0.4488790401066532,B,0.686738843708218,Z
156529375.0,2847.54,300.07000000000005,23,2025-05-20 07:20:24,13.046521739130437,62,23,300.07000000000005,3,4,4,11,Чемпионы,23882.680000000004,0.45459066971698064,B,0.36916502263033507,Y
5402148.0,1862.8,292.24,49,2025-06-20 11:18:03,5.964081632653062,31,49,292.24,3,4,4,11,Чемпионы,24174.920000000006,0.4601532605701885,B,0.6426318983928073,Z
9038308.0,2716.36,282.37,42,2025-06-16 17:54:42,6.7230952380952385,35,42,282.37,3,4,4,11,Чемпионы,24457.290000000005,0.46552798264526485,B,0.6081915551300338,Z
4934053.0,2408.7599999999998,281.52999999999986,19,2025-05-19 10:45:21,14.817368421052624,63,19,281.52999999999986,3,4,4,11,Чемпионы,24738.820000000003,0.4708867158881597,B,1.3693879061465457,Z
9304926.0,1374.85,277.53,58,2025-06-22 19:26:30,4.784999999999999,28,58,277.53,3,4,4,11,Чемпионы,25016.350000000002,0.47616931183495265,B,0.9230085839874586,Z
5645535.0,2310.58,260.67999999999995,31,2025-07-01 12:23:23,8.409032258064515,20,31,260.67999999999995,4,4,4,12,Чемпионы,25277.030000000002,0.48113117942191624,B,0.7796394973991086,Z
156386040.0,1471.57,259.12,17,2025-07-19 20:19:25,15.24235294117647,1,17,259.12,4,4,4,12,Чемпионы,25536.15,0.4860633534634,B,1.1382070353118754,Z
155249828.0,1952.66,253.54,35,2025-07-09 09:02:31,7.244,12,35,253.54,4,4,4,12,Чемпионы,25789.690000000002,0.49088931597682156,B,1.3185764583507213,Z
9458119.0,1512.23,251.85000000000002,22,2025-06-17 12:57:04,11.447727272727274,34,22,251.85000000000002,3,4,4,11,Чемпионы,26041.54,0.4956831104826401,B,0.9611821550650256,Z
6543150.0,1957.71,240.03000000000003,36,2025-07-20 12:48:38,6.6675,1,36,240.03000000000003,4,4,4,12,Чемпионы,26281.57,0.5002519192784773,C,1.4321322130367407,Z
5307720.0,1938.61,237.59000000000003,42,2025-07-16 18:18:00,5.656904761904762,5,42,237.59000000000003,4,4,4,12,Чемпионы,26519.16,0.5047742843236924,C,0.8638419259087843,Z
8045466.0,2105.75,228.78,33,2025-07-17 07:27:58,6.932727272727273,4,33,228.78,4,4,4,12,Чемпионы,26747.94,0.509128956974243,C,0.47071990161478605,Y
5772250.0,1823.47,226.32000000000005,15,2025-07-05 12:55:23,15.088000000000003,16,15,226.32000000000005,4,4,4,12,Чемпионы,26974.26,0.5134368051876907,C,0.9963316737158077,Z
5325688.0,1448.14,221.92000000000004,28,2025-07-03 08:21:27,7.925714285714287,18,28,221.92000000000004,4,4,4,12,Чемпионы,27196.179999999997,0.5176609023754265,C,1.3508591695304961,Z
155382033.0,1381.9199999999998,216.59,16,2025-06-24 16:53:47,13.536875,27,16,216.59,3,4,4,11,Чемпионы,27412.769999999997,0.5217835466161064,C,1.0214010265155622,Z
156005450.0,1399.09,215.59999999999997,30,2025-04-08 19:44:23,7.186666666666666,103,30,215.59999999999997,2,4,4,10,Чемпионы,27628.369999999995,0.525887346876001,C,0.6819705818133759,Z
7162643.0,1118.1200000000001,208.23000000000002,35,2025-06-17 07:57:34,5.949428571428572,34,35,208.23000000000002,3,4,4,11,Чемпионы,27836.599999999995,0.5298508641678279,C,0.8805801052949213,Z
155178920.0,1658.29,207.13999999999996,17,2025-07-10 16:06:53,12.184705882352938,11,17,207.13999999999996,4,4,4,12,Чемпионы,28043.739999999994,0.5337936340464668,C,0.9470763793639351,Z
9329801.0,1457.01,204.77,17,2025-07-18 15:21:54,12.04529411764706,3,17,204.77,4,4,4,12,Чемпионы,28248.509999999995,0.5376912925771655,C,1.1569360717999262,Z
5623678.0,1006.54,197.13,22,2025-04-21 11:38:52,8.960454545454546,91,22,197.13,2,4,4,10,Чемпионы,28445.639999999996,0.5414435288723095,C,0.9871637737726302,Z
7757063.0,896.77,195.31,35,2025-06-08 22:03:32,5.580285714285714,42,35,195.31,3,4,4,11,Чемпионы,28640.949999999997,0.5451611226977271,C,1.8347132892818705,Z
8822655.0,1399.97,191.86,21,2025-05-27 15:06:19,9.136190476190476,55,21,191.86,3,4,4,11,Чемпионы,28832.809999999998,0.5488130481052568,C,0.8445853762005726,Z
7165046.0,1881.28,190.77,23,2025-07-10 23:26:04,8.294347826086957,10,23,190.77,4,4,4,12,Чемпионы,29023.579999999998,0.5524442260995986,C,0.5936252616712535,Z
8947909.0,1296.53,186.99999999999997,25,2025-06-11 00:18:40,7.479999999999999,40,25,186.99999999999997,3,4,4,11,Чемпионы,29210.579999999998,0.5560036446923644,C,0.9895243277201374,Z
8204989.0,964.67,186.90999999999997,16,2025-06-01 20:44:53,11.681874999999998,49,16,186.90999999999997,3,4,4,11,Чемпионы,29397.489999999998,0.5595613501959679,C,0.8937242164264444,Z
8721558.0,1712.34,185.18,18,2025-04-10 18:51:32,10.287777777777778,102,18,185.18,2,4,4,10,Чемпионы,29582.67,0.5630861263190072,C,0.5446908617126166,Z
6377041.0,972.96,183.26000000000005,12,2025-04-27 10:04:53,15.27166666666667,85,12,183.26000000000005,2,4,4,10,Чемпионы,29765.929999999997,0.5665743565399177,C,0.6455472658066916,Z
8629676.0,2654.68,182.10999999999996,14,2025-07-08 14:10:11,13.007857142857139,13,14,182.10999999999996,4,4,4,12,Чемпионы,29948.039999999997,0.5700406972881988,C,0.7160192182910625,Z
9476004.0,980.0600000000001,181.63000000000002,20,2025-06-29 22:57:18,9.081500000000002,21,20,181.63000000000002,4,4,4,12,Чемпионы,30129.67,0.5734979015609478,C,0.8914616537322799,Z
6251048.0,1027.98,177.82000000000002,28,2025-05-24 11:43:56,6.350714285714287,58,28,177.82000000000002,3,4,4,11,Чемпионы,30307.489999999998,0.5768825850591596,C,0.8777684756908956,Z
5154877.0,1307.13,176.92999999999998,35,2025-07-20 17:57:40,5.055142857142856,1,35,176.92999999999998,4,4,4,12,Чемпионы,30484.42,0.5802503280089888,C,0.8642539585926897,Z
7568596.0,1718.67,176.79999999999998,34,2025-07-11 18:19:09,5.199999999999999,10,34,176.79999999999998,4,4,4,12,Чемпионы,30661.219999999998,0.5836155964966946,C,0.9318724917257206,Z
9710808.0,1263.5,176.10000000000002,26,2025-06-23 15:57:09,6.773076923076924,28,26,176.10000000000002,3,4,4,11,Чемпионы,30837.319999999996,0.5869675409575825,C,0.7928222243686673,Z
9985085.0,1306.3799999999999,170.31000000000003,18,2025-07-09 17:30:56,9.461666666666668,12,18,170.31000000000003,4,4,4,12,Чемпионы,31007.629999999997,0.590209276682363,C,1.3295463373278802,Z
7211030.0,1281.47,168.73999999999998,22,2025-06-02 11:02:58,7.669999999999999,49,22,168.73999999999998,3,4,4,11,Чемпионы,31176.37,0.5934211285184234,C,0.789939110788142,Z
6879208.0,1061.49,167.13,18,2025-05-27 12:43:00,9.285,55,18,167.13,3,4,4,11,Чемпионы,31343.5,0.5966023350928028,C,0.7205600182419573,Z
9901478.0,754.56,166.53,30,2025-06-22 21:19:19,5.551,28,30,166.53,3,4,4,11,Чемпионы,31510.03,0.5997721210727669,C,0.4844394740632721,Y
7273228.0,1223.19,165.13,24,2025-07-03 19:26:55,6.880416666666666,17,24,165.13,4,4,4,12,Чемпионы,31675.16,0.6029152589990953,C,1.1683767315303308,Z
4646206.0,1741.22,161.95000000000005,17,2025-04-30 21:27:09,9.526470588235297,81,17,161.95000000000005,2,4,4,10,Чемпионы,31837.11,0.6059978677750227,C,1.0267395161303539,Z
1385294.0,1731.2,160.44,31,2025-07-01 19:33:02,5.175483870967742,19,31,160.44,4,4,4,12,Чемпионы,31997.55,0.6090517347216715,C,1.0743447003430562,Z
4765180.0,1206.02,160.29,20,2025-06-11 16:03:54,8.0145,40,20,160.29,3,4,4,11,Чемпионы,32157.84,0.6121027465197166,C,1.2188159612598826,Z
6867866.0,1223.09,160.10999999999999,14,2025-07-19 20:27:15,11.43642857142857,1,14,160.10999999999999,4,4,4,12,Чемпионы,32317.95,0.6151503321394372,C,0.6787463677044434,Z
155116773.0,1306.45,158.65,13,2025-06-24 10:42:31,12.203846153846154,27,13,158.65,3,4,4,11,Чемпионы,32476.600000000002,0.6181701276460804,C,0.9638710075860595,Z
4753972.0,1353.72,158.23000000000005,12,2025-06-16 20:58:37,13.185833333333337,34,12,158.23000000000005,3,4,4,11,Чемпионы,32634.83,0.6211819287366329,C,0.9679443884674043,Z
5837654.0,866.53,156.94,38,2025-07-20 20:40:52,4.13,0,38,156.94,4,4,4,12,Чемпионы,32791.770000000004,0.6241691755491927,C,0.9793339291920342,Z
2199632.0,1893.16,151.63000000000002,25,2025-06-30 07:47:51,6.065200000000001,21,25,151.63000000000002,4,4,4,12,Чемпионы,32943.4,0.627055350101177,C,1.2979259733382773,Z
10092221.0,924.12,151.56999999999996,12,2025-03-25 14:04:23,12.63083333333333,118,12,151.56999999999996,2,4,4,10,Чемпионы,33094.97,0.6299403825937199,C,0.6721440871370975,Z
156901156.0,1552.5,149.42999999999998,12,2025-07-12 12:23:24,12.452499999999999,9,12,149.42999999999998,4,4,4,12,Чемпионы,33244.4,0.6327846816328481,C,1.9048529859790067,Z
2333228.0,876.0400000000001,146.03,28,2025-07-09 22:52:48,5.215357142857143,11,28,146.03,4,4,4,12,Чемпионы,33390.43,0.6355642639702898,C,1.440281159259207,Z
6202842.0,1270.85,143.22000000000003,20,2025-05-20 12:39:05,7.161000000000001,62,20,143.22000000000003,3,4,4,11,Чемпионы,33533.65,0.6382903598572198,C,1.536703259977585,Z
8744175.0,1028.82,142.09,30,2025-06-04 23:24:54,4.7363333333333335,46,30,142.09,3,4,4,11,Чемпионы,33675.74,0.640994946958001,C,1.047979062685341,Z
8205854.0,1101.84,141.01999999999998,14,2025-06-12 12:43:58,10.072857142857142,39,14,141.01999999999998,3,4,4,11,Чемпионы,33816.759999999995,0.6436791673320749,C,0.7026691563571873,Z
155510412.0,738.84,138.82999999999996,5,2024-12-30 16:01:39,27.76599999999999,203,5,138.82999999999996,1,3,4,8,Лояльные,33955.59,0.646321702536533,C,0.6038969702127572,Z
156525977.0,1003.62,137.56000000000003,13,2025-06-04 17:56:25,10.581538461538464,47,13,137.56000000000003,3,4,4,11,Чемпионы,34093.149999999994,0.6489400641494787,C,0.8690017291733596,Z
5091878.0,868.4300000000001,137.52,10,2025-07-07 12:54:46,13.752,14,10,137.52,4,4,4,12,Чемпионы,34230.66999999999,0.6515576643894634,C,0.39367047125563287,Y
155914623.0,1240.93,136.33000000000004,16,2025-06-16 11:11:42,8.520625000000003,35,16,136.33000000000004,3,4,4,11,Чемпионы,34366.99999999999,0.6541526137838579,C,1.4697116500078458,Z
155953370.0,1422.07,135.17000000000002,20,2025-06-17 13:14:43,6.758500000000001,34,20,135.17000000000002,3,4,4,11,Чемпионы,34502.16999999999,0.6567254833623828,C,0.9684968153101802,Z
9564394.0,951.63,133.72000000000003,14,2025-06-12 15:22:33,9.551428571428573,39,14,133.72000000000003,3,4,4,11,Чемпионы,34635.88999999999,0.6592707531710706,C,1.7320508075688772,Z
156016609.0,812.93,133.07,5,2024-07-28 14:25:59,26.613999999999997,358,5,133.07,1,3,4,8,Лояльные,34768.95999999999,0.661803650669142,C,0.0,
2397934.0,888.7500000000001,132.60000000000002,8,2025-03-03 13:14:35,16.575000000000003,140,8,132.60000000000002,2,3,4,9,Лояльные,34901.55999999999,0.6643276020349214,C,0.8989058759055129,Z
9975766.0,1021.34,127.86999999999999,25,2025-06-14 17:55:07,5.1148,37,25,127.86999999999999,3,4,4,11,Чемпионы,35029.42999999999,0.6667615210480602,C,1.1085808466302578,Z
5307229.0,791.88,127.48000000000002,22,2025-04-28 12:29:10,5.794545454545456,84,22,127.48000000000002,2,4,4,10,Чемпионы,35156.909999999996,0.6691880166748292,C,0.7948863254199139,Z
155080222.0,855.16,125.86000000000001,14,2025-04-18 16:18:14,8.99,94,14,125.86000000000001,2,4,4,10,Чемпионы,35282.77,0.6715836766966767,C,1.6409424936782073,Z
10442433.0,993.06,124.81999999999996,9,2025-07-03 22:13:02,13.868888888888884,17,9,124.81999999999996,4,3,4,11,Чемпионы,35407.59,0.6739595410215379,C,0.5461819514471573,Z
6919921.0,563.37,124.74000000000001,15,2025-03-25 22:13:41,8.316,117,15,124.74000000000001,2,4,4,10,Чемпионы,35532.329999999994,0.6763338826004769,C,0.9483493711414491,Z
6532786.0,685.3299999999999,124.25999999999996,18,2025-05-26 08:58:29,6.9033333333333315,56,18,124.25999999999996,3,4,4,11,Чемпионы,35656.59,0.6786990877038838,C,0.9417088693143778,Z
6458970.0,1144.02,123.42999999999999,13,2025-05-22 21:07:52,9.494615384615384,59,13,123.42999999999999,3,4,4,11,Чемпионы,35780.02,0.6810484943183495,C,0.6774180264949716,Z
7922537.0,1552.1799999999998,121.36999999999998,28,2025-06-11 00:02:19,4.334642857142856,40,28,121.36999999999998,3,4,4,11,Чемпионы,35901.39,0.6833586902253226,C,0.9190403015096013,Z
4658651.0,642.04,121.34000000000002,13,2025-06-24 10:16:39,9.333846153846155,27,13,121.34000000000002,3,4,4,11,Чемпионы,36022.729999999996,0.685668315102575,C,0.6137530362740276,Z
7227047.0,761.24,121.32,20,2025-06-01 16:14:57,6.066,50,20,121.32,3,4,4,11,Чемпионы,36144.049999999996,0.6879775592933468,C,0.7215606735744634,Z
7680291.0,1091.88,118.06000000000002,12,2025-07-10 20:15:27,9.838333333333335,10,12,118.06000000000002,4,4,4,12,Чемпионы,36262.10999999999,0.6902247515877956,C,0.8558659929732039,Z
155041030.0,622.45,117.75999999999999,13,2025-03-17 09:23:26,9.058461538461538,126,13,117.75999999999999,2,4,4,10,Чемпионы,36379.869999999995,0.6924662335850368,C,1.3122867488019705,Z
7306845.0,1261.79,116.69999999999999,7,2025-07-09 10:57:27,16.67142857142857,12,7,116.69999999999999,4,3,4,11,Чемпионы,36496.56999999999,0.6946875391988109,C,1.6719269940741794,Z
6478038.0,776.35,115.45000000000002,13,2025-06-12 11:10:02,8.880769230769232,39,13,115.45000000000002,3,4,4,11,Чемпионы,36612.01999999999,0.6968850519075531,C,0.8704808952688173,Z
9700281.0,752.8000000000001,115.16000000000003,20,2025-07-17 12:29:25,5.758000000000001,4,20,115.16000000000003,4,4,4,12,Чемпионы,36727.17999999999,0.6990770446623281,C,0.722806894527434,Z
4728887.0,1085.6,114.75999999999999,9,2025-07-08 22:51:11,12.75111111111111,12,9,114.75999999999999,4,3,4,11,Чемпионы,36841.939999999995,0.7012614236874929,C,1.3031541295199343,Z
5463642.0,671.69,113.51999999999997,13,2025-05-02 18:13:34,8.732307692307689,80,13,113.51999999999997,2,4,4,10,Чемпионы,36955.45999999999,0.7034222001508659,C,0.9800989632126539,Z
9458660.0,713.48,113.30000000000001,2,2024-10-26 09:43:04,56.650000000000006,268,2,113.30000000000001,1,2,4,7,Лояльные,37068.759999999995,0.7055787890629535,C,0.0,
156156113.0,1080.46,112.84999999999997,23,2025-07-10 07:42:42,4.906521739130433,11,23,112.84999999999997,4,4,4,12,Чемпионы,37181.60999999999,0.7077268125292295,C,0.5441401013300996,Z
156404299.0,607.75,109.59,7,2025-07-20 19:14:38,15.655714285714286,0,7,109.59,4,3,4,11,Чемпионы,37291.19999999999,0.7098127840991824,C,0.890819857134703,Z
6009710.0,860.95,109.17,9,2025-04-12 17:17:11,12.13,100,9,109.17,2,3,4,9,Лояльные,37400.36999999999,0.7118907612530446,C,0.6444804391865966,Z
155614634.0,683.11,109.07000000000001,13,2025-04-15 21:42:51,8.39,96,13,109.07000000000001,2,4,4,10,Чемпионы,37509.43999999999,0.7139668349745043,C,0.8055921565686818,Z
5352517.0,576.83,108.70999999999997,10,2025-07-15 18:25:10,10.870999999999997,6,10,108.70999999999997,4,4,4,12,Чемпионы,37618.14999999999,0.7160360563393148,C,1.2942541833505152,Z
8516198.0,687.66,107.24000000000001,25,2025-07-10 10:03:18,4.2896,11,25,107.24000000000001,4,4,4,12,Чемпионы,37725.389999999985,0.7180772972478078,C,1.1562331679975146,Z
5823257.0,744.94,107.23000000000002,17,2025-07-16 08:06:56,6.30764705882353,5,17,107.23000000000002,4,4,4,12,Чемпионы,37832.61999999999,0.7201183478130606,C,0.8338898987698036,Z
5566539.0,685.05,105.79999999999998,12,2025-07-19 11:58:04,8.816666666666665,2,12,105.79999999999998,4,4,4,12,Чемпионы,37938.41999999999,0.7221321792949571,C,0.8328238332848341,Z
156335836.0,840.32,104.89999999999998,4,2024-10-22 12:10:23,26.224999999999994,272,4,104.89999999999998,1,3,4,8,Лояльные,38043.31999999999,0.7241288798852306,C,0.0,
5687308.0,626.57,104.21000000000001,6,2025-02-09 10:58:02,17.368333333333336,162,6,104.21000000000001,2,3,4,9,Лояльные,38147.52999999999,0.7261124467919263,C,0.6750507239994428,Z
10136050.0,668.83,104.09000000000003,10,2024-11-28 21:17:05,10.409000000000002,234,10,104.09000000000003,1,4,4,9,Лояльные,38251.61999999999,0.7280937295797391,C,0.9724846527881339,Z
9776481.0,1055.73,103.77000000000001,20,2025-06-16 17:38:00,5.1885,35,20,103.77000000000001,3,4,4,11,Чемпионы,38355.389999999985,0.7300689213838636,C,1.077876548465235,Z
7235380.0,592.76,103.48,7,2024-08-01 18:30:24,14.782857142857143,354,7,103.48,1,3,4,8,Лояльные,38458.86999999999,0.7320385932340209,C,0.0,
9204206.0,645.6800000000001,103.20999999999998,11,2025-04-11 17:50:24,9.382727272727271,101,11,103.20999999999998,2,4,4,10,Чемпионы,38562.07999999999,0.7340031258166912,C,0.609027711644413,Z
8506732.0,626.46,102.84000000000002,14,2025-05-24 09:14:44,7.345714285714287,58,14,102.84000000000002,3,4,4,11,Чемпионы,38664.919999999984,0.7359606156994721,C,1.3736738194036238,Z
5559100.0,631.34,102.50999999999999,9,2025-06-14 09:03:43,11.389999999999999,37,9,102.50999999999999,3,3,4,10,Чемпионы,38767.429999999986,0.7379118242553246,C,0.7664205061132766,Z
9301534.0,436.24,102.07,11,2025-04-08 17:19:49,9.27909090909091,104,11,102.07,2,4,4,10,Чемпионы,38869.499999999985,0.7398546577086059,C,0.8622326686774838,Z
7075884.0,674.47,101.43,13,2025-07-11 13:36:52,7.802307692307693,10,13,101.43,4,4,4,12,Чемпионы,38970.929999999986,0.7417853091945109,C,1.5534943285296952,Z
6312256.0,1193.11,100.02999999999999,27,2025-06-10 10:01:48,3.704814814814814,41,27,100.02999999999999,3,4,4,11,Чемпионы,39070.959999999985,0.7436893126267802,C,0.7115662133947831,Z
155187339.0,829.6,95.94000000000001,25,2025-05-12 04:53:04,3.8376000000000006,70,25,95.94000000000001,3,4,4,11,Чемпионы,39166.89999999999,0.7455154656737853,C,0.6556144026054419,Z
156124783.0,852.74,95.53999999999998,2,2024-08-30 10:50:23,47.76999999999999,325,2,95.53999999999998,1,2,4,7,Лояльные,39262.43999999999,0.7473340049911802,C,0.0,
157161233.0,740.63,94.4,12,2025-06-18 07:06:43,7.866666666666667,33,12,94.4,3,4,4,11,Чемпионы,39356.83999999999,0.749130845179186,C,1.0321961276218883,Z
3949685.0,713.84,93.47999999999999,8,2025-07-07 13:07:58,11.684999999999999,14,8,93.47999999999999,4,3,4,11,Чемпионы,39450.31999999999,0.7509101737890885,C,0.790220067353689,Z
6177132.0,705.18,93.44,11,2025-07-10 19:04:11,8.494545454545454,11,11,93.44,4,4,4,12,Чемпионы,39543.759999999995,0.7526887410260299,C,1.233425293548023,Z
7814893.0,595.08,93.39000000000001,10,2025-07-13 21:14:32,9.339000000000002,7,10,93.39000000000001,4,4,4,12,Чемпионы,39637.149999999994,0.75446635654677,C,0.7628830440743615,Z
156292697.0,799.9,92.06000000000002,9,2025-06-29 09:43:14,10.228888888888891,22,9,92.06000000000002,4,3,4,11,Чемпионы,39729.20999999999,0.7562186564165562,C,0.8867722860207892,Z
8438989.0,578.1,91.23,17,2025-07-14 17:41:43,5.366470588235295,7,17,91.23,4,4,4,12,Чемпионы,39820.439999999995,0.7579551577974013,C,0.533139608149429,Z
7190591.0,671.8100000000001,90.96000000000002,10,2025-07-09 15:25:37,9.096000000000002,12,10,90.96000000000002,4,4,4,12,Чемпионы,39911.399999999994,0.7596865199107594,C,1.7100148418758692,Z
156067999.0,660.18,90.06000000000002,8,2025-03-29 20:01:34,11.257500000000002,113,8,90.06000000000002,2,3,4,9,Лояльные,40001.45999999999,0.7614007511324946,C,0.6742409365026524,Z
5081865.0,449.28,90.04,11,2025-04-28 17:43:51,8.185454545454546,84,11,90.04,2,4,4,10,Чемпионы,40091.49999999999,0.7631146016677492,C,1.4142135623730951,Z
156494925.0,546.7,89.88000000000002,11,2025-06-03 22:25:45,8.170909090909094,47,11,89.88000000000002,3,4,4,11,Чемпионы,40181.37999999999,0.7648254067111598,C,1.5019121435080804,Z
155159957.0,611.53,89.65000000000003,13,2025-07-11 09:48:31,6.896153846153849,10,13,89.65000000000003,4,4,4,12,Чемпионы,40271.02999999999,0.7665318338600446,C,0.7557338660288201,Z
4901731.0,604.73,88.72000000000003,6,2025-06-24 17:55:40,14.78666666666667,27,6,88.72000000000003,3,3,4,10,Чемпионы,40359.74999999999,0.7682205590875858,C,1.0688426938036246,Z
155277417.0,392.47999999999996,88.41999999999999,8,2025-01-30 18:03:47,11.052499999999998,172,8,88.41999999999999,2,3,4,9,Лояльные,40448.16999999999,0.7699035740179192,C,1.2721844237859758,Z
9180282.0,733.54,88.31,16,2025-06-29 15:51:24,5.519375,22,16,88.31,4,4,4,12,Чемпионы,40536.47999999999,0.7715844951726097,C,1.3132138468784997,Z
6371449.0,426.37,87.03,9,2025-07-04 13:01:44,9.67,17,9,87.03,4,3,4,11,Чемпионы,40623.50999999999,0.7732410523925477,C,0.3512955273525023,Y
155390742.0,453.38,86.77000000000001,17,2025-05-26 21:17:54,5.104117647058824,55,17,86.77000000000001,3,4,4,11,Чемпионы,40710.279999999984,0.774892660688239,C,1.0532424442595694,Z
156808627.0,806.0400000000001,86.60000000000001,10,2025-06-18 09:41:44,8.66,33,10,86.60000000000001,3,4,4,11,Чемпионы,40796.87999999998,0.776541033148846,C,1.0741721251766343,Z
9282611.0,646.03,86.45000000000002,9,2025-06-29 12:45:39,9.605555555555558,22,9,86.45000000000002,4,3,4,11,Чемпионы,40883.32999999998,0.7781865504608492,C,0.6618856446630859,Z
5679090.0,855.12,85.36000000000004,12,2025-07-19 11:27:01,7.113333333333337,2,12,85.36000000000004,4,4,4,12,Чемпионы,40968.68999999998,0.7798113203596646,C,1.1513808926666527,Z
155778951.0,645.9000000000001,85.30000000000001,6,2024-11-18 21:45:24,14.216666666666669,244,6,85.30000000000001,1,3,4,8,Лояльные,41053.98999999998,0.7814349481990386,C,0.9155084749618091,Z
7566685.0,730.89,84.09,3,2024-09-11 17:55:27,28.03,313,3,84.09,1,2,4,7,Лояльные,41138.07999999998,0.7830355445063416,C,0.0,
2969748.0,415.67,83.33,18,2025-07-11 17:16:33,4.629444444444444,10,18,83.33,4,4,4,12,Чемпионы,41221.40999999998,0.7846216747273853,C,1.0745540015916932,Z
155203561.0,822.4499999999999,83.15999999999991,6,2025-04-14 14:38:27,13.859999999999985,98,6,83.15999999999991,2,3,4,9,Лояльные,41304.569999999985,0.7862045691133448,C,0.0,
155950179.0,652.5500000000001,82.41000000000001,5,2025-02-06 09:37:00,16.482000000000003,165,5,82.41000000000001,2,3,4,9,Лояльные,41386.97999999999,0.7877731877562851,C,1.0990084277208563,Z
156224886.0,667.16,82.16,5,2024-09-29 16:15:21,16.432,295,5,82.16,1,3,3,7,Лояльные,41469.13999999999,0.789337047818219,C,0.0,
155060276.0,335.03,81.69,9,2025-03-29 10:38:21,9.076666666666666,114,9,81.69,2,3,3,8,Лояльные,41550.829999999994,0.790891961747861,C,0.3872303639764317,Y
4738980.0,662.53,81.25,5,2025-01-02 16:33:17,16.25,200,5,81.25,1,3,3,7,Лояльные,41632.079999999994,0.7924385005749317,C,1.7037180702219452,Z
8948019.0,835.8,80.70999999999995,8,2025-06-28 15:32:55,10.088749999999994,23,8,80.70999999999995,4,3,3,10,Чемпионы,41712.78999999999,0.7939747608670286,C,1.2164425963823036,Z
155682484.0,381.99,80.59,14,2025-03-22 11:20:13,5.756428571428572,121,14,80.59,2,4,3,9,Лояльные,41793.37999999999,0.7955087370402424,C,0.0777387527151359,X
6888131.0,455.28,80.57000000000001,8,2024-10-31 21:16:33,10.071250000000001,262,8,80.57000000000001,1,3,3,7,Лояльные,41873.94999999999,0.7970423325269758,C,0.0,
4821817.0,592.21,80.43,9,2025-06-25 11:50:43,8.936666666666667,26,9,80.43,3,3,3,9,Лояльные,41954.37999999999,0.7985732632083455,C,1.7320508075688774,Z
9573664.0,452.57,80.37,10,2025-07-20 19:31:02,8.037,0,10,80.37,4,4,3,11,Чемпионы,42034.74999999999,0.8001030518302739,C,0.9075285131825684,Z
155663548.0,592.66,78.36999999999998,11,2024-10-22 16:01:01,7.124545454545452,272,11,78.36999999999998,1,4,3,8,Лояльные,42113.119999999995,0.8015947718041512,C,0.7158230973815567,Z
9400101.0,493.28,76.39999999999999,7,2025-03-16 21:49:46,10.914285714285713,126,7,76.39999999999999,2,3,3,8,Лояльные,42189.52,0.8030489941596983,C,0.5771785309631742,Z
155789198.0,370.11,76.04,3,2024-08-10 20:01:04,25.346666666666668,344,3,76.04,1,2,3,6,Риск ухода,42265.56,0.8044963641585963,C,0.0,
9582557.0,355.6,75.70000000000002,5,2024-11-26 22:46:39,15.140000000000004,236,5,75.70000000000002,1,3,3,7,Лояльные,42341.259999999995,0.8059372624873254,C,0.0,
8873592.0,609.53,74.95,23,2025-04-23 15:24:08,3.258695652173913,89,23,74.95,2,4,3,9,Лояльные,42416.20999999999,0.8073638850730355,C,1.0440015427243627,Z
155231682.0,484.61999999999995,73.57999999999998,7,2025-03-26 17:03:56,10.511428571428569,117,7,73.57999999999998,2,3,3,8,Лояльные,42489.78999999999,0.8087644306348307,C,0.6829169319284156,Z
156222516.0,443.61,72.69000000000003,5,2025-03-24 20:19:41,14.538000000000006,118,5,72.69000000000003,2,3,3,8,Лояльные,42562.479999999996,0.8101480356482433,C,0.05155682955411629,X
8365632.0,350.57,72.56,7,2024-10-24 10:11:12,10.365714285714287,270,7,72.56,1,3,3,7,Лояльные,42635.03999999999,0.8115291661995325,C,0.7792207583196848,Z
155824673.0,544.31,72.46,8,2025-05-24 23:09:22,9.0575,57,8,72.46,3,3,3,9,Лояльные,42707.49999999999,0.8129083933184192,C,0.227570109540026,X
156265889.0,427.24,72.44,6,2024-10-14 17:43:18,12.073333333333332,280,6,72.44,1,3,3,7,Лояльные,42779.939999999995,0.8142872397508254,C,0.0,
9992311.0,418.19,72.22999999999999,7,2025-07-07 10:49:41,10.318571428571428,14,7,72.22999999999999,4,3,3,10,Чемпионы,42852.17,0.8156620889751863,C,1.7829705241295448,Z
2762066.0,276.3,71.41999999999999,7,2025-04-10 10:06:35,10.202857142857141,102,7,71.41999999999999,2,3,3,8,Лояльные,42923.59,0.8170215203970864,C,1.0277601139341037,Z
5236255.0,458.5,71.32,6,2025-06-13 19:29:32,11.886666666666665,37,6,71.32,3,3,3,9,Лояльные,42994.909999999996,0.818379048386584,C,0.5873952893712492,Z
156640209.0,697.0500000000001,69.04000000000003,6,2025-07-13 11:58:27,11.506666666666673,8,6,69.04000000000003,4,3,3,10,Чемпионы,43063.95,0.8196931781173036,C,0.7356498778545141,Z
8721793.0,589.42,68.83999999999997,13,2025-07-02 06:15:13,5.295384615384614,19,13,68.83999999999997,4,4,3,11,Чемпионы,43132.78999999999,0.821003500983218,C,0.6819368646222946,Z
155908038.0,359.72,68.78999999999999,3,2025-02-21 16:03:20,22.929999999999996,150,3,68.78999999999999,2,2,3,7,Лояльные,43201.579999999994,0.822312872132931,C,0.0,
8537354.0,362.57,68.17,8,2025-02-23 19:37:43,8.52125,147,8,68.17,2,3,3,8,Лояльные,43269.74999999999,0.8236104420017484,C,0.7535841254099642,Z
7954831.0,457.96999999999997,67.73,8,2025-05-08 09:26:54,8.46625,74,8,67.73,2,3,3,8,Лояльные,43337.479999999996,0.8248996367679946,C,0.3068573415167688,Y
5569432.0,743.78,67.36999999999998,9,2025-07-16 12:43:57,7.485555555555553,5,9,67.36999999999998,4,3,3,10,Чемпионы,43404.85,0.8261819791775916,C,1.881704886902398,Z
155256249.0,755.9,66.91000000000001,6,2025-06-21 17:06:51,11.151666666666669,30,6,66.91000000000001,3,3,3,9,Лояльные,43471.76,0.8274555657981368,C,1.0420324351280026,Z
156727057.0,439.55999999999995,66.73999999999998,3,2025-02-20 14:02:17,22.24666666666666,151,3,66.73999999999998,2,2,3,7,Лояльные,43538.5,0.8287259165835977,C,0.0,
4116325.0,670.5,66.52999999999997,19,2025-05-19 13:37:55,3.5015789473684196,63,19,66.52999999999997,3,4,3,10,Чемпионы,43605.03,0.8299922701610133,C,1.4021096727961129,Z
156263526.0,482.24,65.27000000000001,10,2025-03-21 11:42:02,6.527000000000001,122,10,65.27000000000001,2,4,3,9,Лояльные,43670.299999999996,0.8312346404901566,C,0.4207600777451803,Y
5935381.0,338.24,64.42000000000002,10,2025-02-21 11:49:59,6.442000000000002,150,10,64.42000000000002,2,4,3,9,Лояльные,43734.719999999994,0.8324608316438784,C,1.0054659009788336,Z
8852350.0,761.46,63.81000000000002,9,2025-05-19 14:38:00,7.090000000000002,63,9,63.81000000000002,3,3,3,9,Лояльные,43798.52999999999,0.8336754118599445,C,1.104880675313025,Z
156433434.0,620.3100000000001,63.47000000000001,5,2025-07-10 06:29:41,12.694000000000003,11,5,63.47000000000001,4,3,3,10,Чемпионы,43861.99999999999,0.8348835204058421,C,0.8899348238102728,Z
7065701.0,611.9399999999999,63.22000000000001,6,2024-12-09 09:09:57,10.536666666666669,224,6,63.22000000000001,1,3,3,7,Лояльные,43925.219999999994,0.8360868703707334,C,0.5658559966386468,Z
5672126.0,544.22,63.09999999999999,8,2025-06-10 16:46:03,7.887499999999998,41,8,63.09999999999999,3,3,3,9,Лояльные,43988.31999999999,0.8372879362167415,C,1.1292552855559488,Z
157323162.0,762.96,63.00000000000006,2,2025-06-18 17:56:32,31.50000000000003,33,2,63.00000000000006,3,2,3,8,Лояльные,44051.31999999999,0.838487098630347,C,0.0,
156396093.0,337.01,62.57000000000001,11,2025-03-24 09:37:56,5.6881818181818184,119,11,62.57000000000001,2,4,3,9,Лояльные,44113.88999999999,0.8396780762846217,C,0.6678921331009262,Z
6299139.0,495.71000000000004,62.420000000000016,7,2025-06-10 10:45:38,8.91714285714286,41,7,62.420000000000016,3,3,3,9,Лояльные,44176.30999999999,0.8408661987902925,C,1.3329458110736094,Z
7141168.0,351.56,61.22,6,2025-07-12 08:10:34,10.203333333333333,9,6,61.22,4,3,3,10,Чемпионы,44237.52999999999,0.8420314801071327,C,0.8645062079698456,Z
156645841.0,464.78,61.050000000000004,13,2025-06-05 15:03:28,4.696153846153846,46,13,61.050000000000004,3,4,3,10,Чемпионы,44298.579999999994,0.8431935255888886,C,0.529554747667439,Z
155166687.0,484.65,60.809999999999995,5,2025-03-10 19:30:56,12.161999999999999,132,5,60.809999999999995,2,3,3,8,Лояльные,44359.38999999999,0.8443510028328783,C,1.4142135623730951,Z
5114143.0,540.04,60.07000000000001,7,2025-07-10 10:35:31,8.581428571428573,11,7,60.07000000000001,4,3,3,10,Чемпионы,44419.45999999999,0.8454943946770892,C,1.038032036532487,Z
7668221.0,563.41,60.05,10,2025-05-21 10:46:12,6.005,61,10,60.05,3,4,3,10,Чемпионы,44479.509999999995,0.8466374058348197,C,0.66615606637418,Z
157125337.0,522.74,59.94000000000001,4,2025-05-13 14:36:17,14.985000000000003,69,4,59.94000000000001,3,3,3,9,Лояльные,44539.45,0.8477783232169073,C,0.0,
156612455.0,379.37,59.79999999999998,10,2025-06-21 18:01:10,5.979999999999999,30,10,59.79999999999998,3,4,3,10,Чемпионы,44599.25,0.8489165757936314,C,1.3325145041837765,Z
5565594.0,508.54,59.63000000000002,5,2025-06-05 12:16:12,11.926000000000004,46,5,59.63000000000002,3,3,3,9,Лояльные,44658.88,0.8500515925352711,C,0.38359797643155114,Y
8826147.0,576.59,59.60999999999999,9,2025-06-02 16:50:19,6.623333333333332,49,9,59.60999999999999,3,3,3,9,Лояльные,44718.49,0.8511862285904302,C,0.9420129010898605,Z
156263615.0,622.44,59.42,12,2025-06-16 10:42:28,4.951666666666667,35,12,59.42,3,4,3,10,Чемпионы,44777.909999999996,0.8523172481240245,C,1.1841340141296683,Z
4810083.0,478.52,59.23,7,2025-03-15 19:14:25,8.461428571428572,127,7,59.23,2,3,3,8,Лояльные,44837.14,0.8534446511360542,C,1.02986319634117,Z
156725083.0,158.64999999999998,59.14999999999999,2,2025-02-19 09:07:59,29.574999999999996,152,2,59.14999999999999,2,2,3,7,Лояльные,44896.29,0.8545705314021617,C,0.0,
5693975.0,614.48,58.94,8,2025-04-30 08:54:08,7.3675,82,8,58.94,2,3,3,8,Лояльные,44955.23,0.8556924144602238,C,0.9364329332916534,Z
156340359.0,345.58,58.489999999999974,3,2025-06-07 14:31:24,19.49666666666666,44,3,58.489999999999974,3,2,3,8,Лояльные,45013.72,0.8568057320724743,C,0.6328497972194073,Z
156104177.0,545.4599999999999,58.459999999999965,2,2025-07-16 09:55:04,29.229999999999983,5,2,58.459999999999965,4,2,3,9,Лояльные,45072.18,0.8579184786550043,C,1.3847003816325,Z
155795554.0,263.41999999999996,57.849999999999994,4,2024-10-16 10:30:58,14.462499999999999,278,4,57.849999999999994,1,3,3,7,Лояльные,45130.03,0.8590196142998785,C,0.0,
9193583.0,246.3,57.67999999999999,2,2025-01-29 17:05:27,28.839999999999996,173,2,57.67999999999999,2,2,3,7,Лояльные,45187.71,0.8601175141096685,C,0.0,
3446062.0,381.59,57.55,11,2025-01-12 22:26:36,5.2318181818181815,189,11,57.55,1,4,3,8,Лояльные,45245.26,0.8612129394573353,C,0.7398025612477639,Z
6676644.0,422.26,57.44000000000004,6,2025-02-14 23:18:20,9.57333333333334,156,6,57.44000000000004,2,3,3,8,Лояльные,45302.700000000004,0.8623062710293592,C,0.49290660721987056,Y
5792534.0,335.64,57.170000000000016,7,2025-03-17 12:53:56,8.16714285714286,126,7,57.170000000000016,2,3,3,8,Лояльные,45359.87,0.8633944633338962,C,0.6371654676646209,Z
9596041.0,708.67,57.17,26,2025-07-13 22:42:58,2.198846153846154,7,26,57.17,4,4,3,11,Чемпионы,45417.04,0.8644826556384332,C,1.392437476879681,Z
8374789.0,472.45,57.08000000000002,5,2025-06-13 18:23:48,11.416000000000004,38,5,57.08000000000002,3,3,3,9,Лояльные,45474.12,0.8655691348538079,C,0.8325444740724351,Z
3426866.0,728.5699999999999,56.84000000000002,16,2025-06-15 23:04:47,3.552500000000001,35,16,56.84000000000002,3,4,3,10,Чемпионы,45530.96,0.8666510458314164,C,0.83847884032584,Z
156200951.0,826.39,56.31,14,2025-05-02 21:06:24,4.022142857142858,79,14,56.31,2,4,3,9,Лояльные,45587.27,0.8677228686172914,C,0.885404330436925,Z
1550041.0,447.19,56.25,18,2025-07-20 11:15:44,3.125,1,18,56.25,4,4,3,11,Чемпионы,45643.52,0.868793549343725,C,0.8290717828209804,Z
9942910.0,442.8,55.230000000000004,5,2024-10-29 09:15:15,11.046000000000001,265,5,55.230000000000004,1,3,3,7,Лояльные,45698.75,0.8698448150596526,C,0.2459527824210823,X
156053432.0,239.37,54.940000000000005,8,2024-10-12 14:47:33,6.867500000000001,282,8,54.940000000000005,1,3,3,7,Лояльные,45753.69,0.8708905608216129,C,1.1223099985341636,Z
9722136.0,422.5,54.51999999999997,9,2025-05-15 00:00:51,6.057777777777774,67,9,54.51999999999997,3,3,3,9,Лояльные,45808.21,0.8719283121674822,C,0.9136002821489368,Z
4893778.0,540.83,53.710000000000036,2,2025-05-31 23:18:41,26.855000000000018,50,2,53.710000000000036,3,2,3,8,Лояльные,45861.92,0.8729506457108911,C,1.4142135623730951,Z
9191435.0,308.07,53.550000000000004,8,2025-05-12 10:48:46,6.6937500000000005,70,8,53.550000000000004,3,3,3,9,Лояльные,45915.47,0.8739699337624559,C,0.3716685537263826,Y
3438355.0,492.91,53.40000000000004,6,2025-05-04 20:39:06,8.900000000000007,77,6,53.40000000000004,2,3,3,8,Лояльные,45968.87,0.8749863666654168,C,0.315682128529725,Y
156419868.0,516.5600000000001,53.26000000000002,2,2025-04-04 20:04:02,26.63000000000001,107,2,53.26000000000002,2,2,3,7,Лояльные,46022.130000000005,0.8760001347630142,C,0.43387626002959767,Y
7737642.0,367.31,53.16000000000001,3,2025-03-14 07:51:02,17.720000000000002,129,3,53.16000000000001,2,2,3,7,Лояльные,46075.29000000001,0.8770119994282091,C,0.028880455038203228,X
5520317.0,555.97,51.94000000000001,7,2025-07-17 16:58:14,7.420000000000002,4,7,51.94000000000001,4,3,3,10,Чемпионы,46127.23000000001,0.8780006422180928,C,0.5163667594399179,Z
155210213.0,266.71,51.760000000000005,6,2025-01-17 07:47:15,8.626666666666667,185,6,51.760000000000005,2,3,3,8,Лояльные,46178.99000000001,0.878985858829652,C,0.41805435622215914,Y
156171275.0,475.59,51.61999999999998,6,2025-06-02 12:58:51,8.60333333333333,49,6,51.61999999999998,3,3,3,9,Лояльные,46230.610000000015,0.8799684106358476,C,1.024289268566302,Z
156429649.0,379.64,51.5,10,2025-07-15 21:09:39,5.15,5,10,51.5,4,4,3,11,Чемпионы,46282.110000000015,0.8809486783231602,C,1.0245354589527809,Z
155238949.0,397.87,51.29999999999998,6,2025-01-21 15:46:12,8.549999999999997,181,6,51.29999999999998,2,3,3,8,Лояльные,46333.41000000002,0.8819251391456676,C,1.0433476228784615,Z
9244605.0,593.04,51.16999999999999,13,2025-07-16 18:33:53,3.9361538461538452,5,13,51.16999999999999,4,4,3,11,Чемпионы,46384.580000000016,0.8828991255060517,C,1.0263492495483186,Z
8926282.0,240.86,51.12999999999999,7,2025-05-21 20:22:30,7.3042857142857125,60,7,51.12999999999999,3,3,3,9,Лояльные,46435.710000000014,0.8838723504934747,C,1.1457399569263746,Z
155228961.0,610.71,50.42000000000001,8,2025-06-02 22:36:02,6.302500000000001,48,8,50.42000000000001,3,3,3,9,Лояльные,46486.13000000001,0.8848320611108396,C,0.8663689283396884,Z
5916717.0,315.71,50.21,4,2025-05-28 10:46:49,12.5525,54,4,50.21,3,3,3,9,Лояльные,46536.34000000001,0.8857877745201592,C,0.0,
9053631.0,271.29,48.629999999999995,3,2025-04-05 11:55:32,16.209999999999997,107,3,48.629999999999995,2,2,3,7,Лояльные,46584.97000000001,0.8867134136975185,C,0.48652668925564196,Y
7699622.0,516.3000000000001,47.660000000000025,3,2025-05-23 11:51:32,15.886666666666676,59,3,47.660000000000025,3,2,3,8,Лояльные,46632.63000000001,0.8876205895805732,C,1.3232486794301628,Z
3437726.0,312.03000000000003,47.530000000000015,10,2025-04-25 13:22:51,4.753000000000002,87,10,47.530000000000015,2,4,3,9,Лояльные,46680.16000000001,0.8885252910015046,C,0.360774808708968,Y
155468717.0,381.46000000000004,47.489999999999995,5,2025-07-17 23:33:30,9.498,3,5,47.489999999999995,4,3,3,10,Чемпионы,46727.65000000001,0.8894292310494748,C,0.7131308345595031,Z
6990344.0,294.3,47.39,8,2025-01-21 11:10:43,5.92375,181,8,47.39,2,3,3,8,Лояльные,46775.04000000001,0.8903312676650426,C,0.0,
6893793.0,203.34,47.22,6,2025-04-02 21:11:06,7.87,109,6,47.22,2,3,3,8,Лояльные,46822.26000000001,0.891230068445526,C,0.8368143576228357,Z
155915766.0,364.25,46.06999999999998,3,2025-04-12 12:13:31,15.35666666666666,100,3,46.06999999999998,2,2,3,7,Лояльные,46868.33000000001,0.89210697975338,C,0.7517710037446734,Z
10113911.0,398.26,45.81999999999999,1,2024-09-30 19:42:51,45.81999999999999,293,1,45.81999999999999,1,2,3,6,Риск ухода,46914.15000000001,0.8929791324802279,C,0.0,
4101976.0,198.31,44.910000000000004,5,2024-11-26 18:14:20,8.982000000000001,237,5,44.910000000000004,1,3,3,7,Лояльные,46959.06000000001,0.8938339639722125,C,0.0,
9752294.0,386.79,44.5,1,2025-03-26 16:04:44,44.5,117,1,44.5,2,2,3,7,Лояльные,47003.56000000001,0.8946809913913465,C,0.0,
8087000.0,382.37,44.47000000000001,7,2025-07-21 00:49:48,6.352857142857145,0,7,44.47000000000001,4,3,3,10,Чемпионы,47048.03000000001,0.8955274477807599,C,0.8682224504063442,Z
1871226.0,381.94,43.94,1,2024-09-03 11:56:10,43.94,321,1,43.94,1,2,3,6,Риск ухода,47091.970000000016,0.8963638159784397,C,0.0,
155283993.0,431.24,43.17999999999999,12,2025-06-23 23:28:51,3.5983333333333327,27,12,43.17999999999999,3,4,3,10,Чемпионы,47135.150000000016,0.8971857180898603,C,0.873930987612499,Z
9615187.0,406.23,43.059999999999974,5,2025-07-21 12:54:01,8.611999999999995,0,5,43.059999999999974,4,3,3,10,Чемпионы,47178.210000000014,0.8980053360823976,C,0.838243306439401,Z
156322184.0,204.8,43.04,3,2024-11-28 12:23:30,14.346666666666666,235,3,43.04,1,2,3,6,Риск ухода,47221.250000000015,0.8988245733884545,C,0.4810429031863876,Y
6294112.0,171.9,42.89999999999999,8,2025-01-17 20:48:10,5.362499999999999,184,8,42.89999999999999,2,3,3,8,Лояльные,47264.150000000016,0.8996411458891479,C,0.0,
156127590.0,400.24,42.879999999999995,1,2024-08-28 11:32:27,42.879999999999995,327,1,42.879999999999995,1,2,3,6,Риск ухода,47307.03000000001,0.9004573377033607,C,0.0,
156525883.0,186.4,42.69,4,2025-02-09 15:30:00,10.6725,162,4,42.69,2,3,3,8,Лояльные,47349.720000000016,0.9012699129960087,C,0.6138528299548712,Z
8914513.0,216.26,42.550000000000004,9,2025-05-12 10:13:59,4.727777777777778,70,9,42.550000000000004,3,3,3,9,Лояльные,47392.27000000002,0.9020798234832931,C,0.8911982014312159,Z
155509855.0,331.96000000000004,42.49000000000001,5,2025-06-01 22:17:07,8.498000000000001,49,5,42.49000000000001,3,3,3,9,Лояльные,47434.76000000002,0.9028885919111359,C,1.414213562373095,Z
6180387.0,183.63,41.620000000000005,12,2025-07-15 23:19:26,3.4683333333333337,5,12,41.620000000000005,4,4,3,11,Чемпионы,47476.38000000002,0.9036808004770767,C,1.1993077062413593,Z
4609438.0,198.56,41.3,5,2025-07-08 08:42:38,8.26,13,5,41.3,4,3,3,10,Чемпионы,47517.68000000002,0.9044669180593293,C,1.448821956746285,Z
8608532.0,347.82,41.20999999999998,2,2024-11-06 22:44:09,20.60499999999999,256,2,41.20999999999998,1,2,3,6,Риск ухода,47558.89000000002,0.9052513225524196,C,0.0,
1375599.0,291.71999999999997,40.74999999999999,7,2025-07-11 17:31:26,5.82142857142857,10,7,40.74999999999999,4,3,3,10,Чемпионы,47599.64000000002,0.906026971256458,C,1.0258523070847825,Z
7025350.0,457.48,40.710000000000036,2,2025-05-04 07:56:34,20.355000000000018,78,2,40.710000000000036,2,2,3,7,Лояльные,47640.35000000002,0.9068018585875356,C,0.0,
9100589.0,218.33999999999997,40.589999999999996,9,2025-07-21 12:46:10,4.51,0,9,40.589999999999996,4,3,3,10,Чемпионы,47680.94000000002,0.90757446179973,C,0.65368905585245,Z
156029677.0,370.21,40.20999999999996,2,2024-08-09 02:15:03,20.10499999999998,346,2,40.20999999999996,1,2,3,6,Риск ухода,47721.150000000016,0.9083398319687948,C,1.2003757494104383,Z
8044524.0,260.7,39.690000000000005,8,2025-06-30 17:59:38,4.961250000000001,21,8,39.690000000000005,4,3,3,10,Чемпионы,47760.84000000002,0.9090953042893662,C,0.7275488599415575,Z
155205530.0,286.98,39.58000000000001,2,2024-09-23 13:11:34,19.790000000000006,301,2,39.58000000000001,1,2,3,6,Риск ухода,47800.42000000002,0.909848682834295,C,0.0,
7805443.0,314.15,38.92999999999999,4,2025-05-03 10:56:39,9.732499999999998,79,4,38.92999999999999,2,3,3,8,Лояльные,47839.35000000002,0.9105896890686072,C,0.41315999100869727,Y
156433282.0,427.68,38.879999999999995,1,2024-11-17 13:47:09,38.879999999999995,246,1,38.879999999999995,1,2,3,6,Риск ухода,47878.23000000002,0.911329743586718,C,0.0,
156476611.0,265.99,38.610000000000014,6,2025-03-30 19:50:18,6.435000000000002,112,6,38.610000000000014,2,3,3,8,Лояльные,47916.84000000002,0.912064658837342,C,1.5448915177475133,Z
155287309.0,289.33,38.15999999999999,5,2025-07-10 07:05:50,7.631999999999998,11,5,38.15999999999999,4,3,3,10,Чемпионы,47955.00000000002,0.9127910086421546,C,0.5061775293181413,Z
156704933.0,207.31,38.04000000000002,6,2025-07-08 09:43:49,6.340000000000003,13,6,38.04000000000002,4,3,3,10,Чемпионы,47993.04000000002,0.9135150743280841,C,0.2721357328225825,Y
6013816.0,221.15,37.79,4,2025-06-03 17:32:18,9.4475,48,4,37.79,3,3,3,9,Лояльные,48030.83000000002,0.9142343814330072,C,0.4706063749929121,Y
156050953.0,282.76,36.880000000000024,2,2024-08-07 11:33:51,18.440000000000012,348,2,36.880000000000024,1,2,3,6,Риск ухода,48067.71000000002,0.914936367303067,C,0.0,
6811823.0,183.91,36.83,7,2025-05-11 17:33:24,5.261428571428572,71,7,36.83,3,3,3,9,Лояльные,48104.54000000002,0.9156374014569257,C,0.9620990076370061,Z
5459331.0,383.79,36.67999999999999,3,2025-07-05 15:58:54,12.226666666666665,16,3,36.67999999999999,4,2,3,9,Лояльные,48141.22000000002,0.9163355804621806,C,0.7402644601298645,Z
156539787.0,151.08,36.640000000000015,1,2024-12-20 20:12:28,36.640000000000015,212,1,36.640000000000015,1,2,3,6,Риск ухода,48177.86000000002,0.9170329980944742,C,0.0,
5476797.0,155.04000000000002,36.53000000000001,3,2025-01-07 09:42:55,12.17666666666667,195,3,36.53000000000001,1,2,3,6,Риск ухода,48214.39000000002,0.9177283219511252,C,0.0,
9930049.0,378.09000000000003,36.469999999999985,12,2025-05-09 06:54:52,3.0391666666666652,73,12,36.469999999999985,3,4,3,10,Чемпионы,48250.86000000002,0.9184225037483347,C,1.4026881113532415,Z
155462849.0,153.84,36.46,2,2025-03-02 22:07:06,18.23,140,2,36.46,2,2,3,7,Лояльные,48287.32000000002,0.9191164952023039,C,1.3568071972520808,Z
156488551.0,289.34,35.539999999999964,1,2024-12-04 10:13:41,35.539999999999964,229,1,35.539999999999964,1,2,3,6,Риск ухода,48322.86000000002,0.9197929750781697,C,0.0,
156060487.0,227.48,35.459999999999994,5,2025-06-24 18:33:38,7.091999999999999,27,5,35.459999999999994,3,3,3,9,Лояльные,48358.32000000002,0.9204679322081134,C,0.3166625968765477,Y
8959205.0,364.53,35.21,6,2025-01-03 09:32:06,5.868333333333333,199,6,35.21,1,3,3,7,Лояльные,48393.53000000002,0.9211381307570506,C,0.6365452294178072,Z
156967773.0,279.76,35.079999999999984,6,2025-07-18 12:51:09,5.846666666666664,3,6,35.079999999999984,4,3,3,10,Чемпионы,48428.61000000002,0.9218058548438648,C,0.4023332768666901,Y
5742490.0,262.41,35.030000000000015,4,2025-03-12 12:33:40,8.757500000000004,131,4,35.030000000000015,2,3,3,8,Лояльные,48463.64000000002,0.9224726272144775,C,1.093867833209998,Z
156481626.0,143.56,34.8,1,2024-12-02 11:44:24,34.8,231,1,34.8,1,2,3,6,Риск ухода,48498.440000000024,0.9231350216905644,C,0.0,
9696861.0,525.01,34.62999999999999,11,2025-07-21 13:10:50,3.148181818181817,0,11,34.62999999999999,4,4,3,11,Чемпионы,48533.07000000002,0.9237941803315669,C,1.44782210051851,Z
155783979.0,141.97,34.56,5,2025-01-25 12:48:19,6.912000000000001,177,5,34.56,2,3,3,8,Лояльные,48567.63000000002,0.9244520065698877,C,0.0712017244944791,X
7289244.0,200.60999999999999,34.48999999999999,4,2025-06-23 23:04:05,8.622499999999997,27,4,34.48999999999999,3,3,3,9,Лояльные,48602.12000000002,0.9251085004055266,C,0.0,
8773201.0,298.54,34.02000000000001,5,2025-06-29 14:47:05,6.804000000000002,22,5,34.02000000000001,4,3,3,10,Чемпионы,48636.140000000014,0.9257560481088736,C,1.7320508075688774,Z
156194348.0,61.44,33.839999999999996,1,2024-10-18 23:52:06,33.839999999999996,275,1,33.839999999999996,1,2,3,6,Риск ухода,48669.98000000001,0.9264001696338959,C,0.0,
7680899.0,239.48000000000002,33.629999999999995,6,2025-07-09 10:33:01,5.6049999999999995,12,6,33.629999999999995,4,3,3,10,Чемпионы,48703.61000000001,0.927040293950873,C,1.0831327572105343,Z
156009184.0,453.84,33.599999999999966,1,2024-07-25 19:37:50,33.599999999999966,360,1,33.599999999999966,1,2,3,6,Риск ухода,48737.21000000001,0.9276798472381292,C,0.0,
3039555.0,154.77,33.39,4,2025-05-07 18:17:33,8.3475,75,4,33.39,2,3,3,8,Лояльные,48770.600000000006,0.9283154033173402,C,0.4332855568456651,Y
7289262.0,155.41,33.31999999999999,4,2025-03-14 06:15:09,8.329999999999998,129,4,33.31999999999999,2,3,3,8,Лояльные,48803.920000000006,0.9289496269938694,C,0.06281620865282636,X
9026661.0,340.90999999999997,33.3,7,2025-04-18 14:23:22,4.757142857142857,94,7,33.3,2,3,3,8,Лояльные,48837.22000000001,0.929583469983918,C,0.4195924923797656,Y
155240459.0,232.8,33.269999999999996,4,2025-06-05 06:53:17,8.317499999999999,46,4,33.269999999999996,3,3,3,9,Лояльные,48870.490000000005,0.930216741944246,C,0.31362644786473204,Y
6119101.0,305.13,33.13000000000001,4,2025-06-26 21:48:59,8.282500000000002,24,4,33.13000000000001,4,3,3,10,Чемпионы,48903.62,0.9308473490992102,C,0.9108039529926771,Z
6897583.0,274.96000000000004,32.98000000000002,2,2025-04-10 17:33:08,16.49000000000001,102,2,32.98000000000002,2,2,3,7,Лояльные,48936.600000000006,0.9314751011055707,C,1.4142135623730951,Z
156752969.0,145.32,32.64,2,2025-03-02 18:40:03,16.32,141,2,32.64,2,2,3,7,Лояльные,48969.240000000005,0.9320963814417627,C,0.0,
4890504.0,256.97,32.530000000000015,3,2025-06-01 09:28:44,10.843333333333339,50,3,32.530000000000015,3,2,3,8,Лояльные,49001.770000000004,0.9327155680023116,C,1.1190615638644144,Z
8362205.0,404.19,32.239999999999995,12,2025-07-12 11:14:20,2.686666666666666,9,12,32.239999999999995,4,4,3,11,Чемпионы,49034.01,0.9333292346088933,C,0.9408555158537064,Z
6635292.0,161.7,32.04,9,2024-12-11 14:16:46,3.56,222,9,32.04,1,3,3,7,Лояльные,49066.05,0.9339390943506698,C,0.46345950077769943,Y
7821658.0,131.14,32.019999999999996,6,2025-01-05 18:08:35,5.336666666666666,197,6,32.019999999999996,1,3,3,7,Лояльные,49098.07,0.9345485734059658,C,0.47434895877223715,Y
157379139.0,462.94000000000005,31.900000000000016,5,2025-07-11 05:20:04,6.3800000000000034,10,5,31.900000000000016,4,3,3,10,Чемпионы,49129.97,0.9351557683423788,C,0.0,
155926216.0,213.06,31.44,3,2024-11-09 14:20:56,10.48,254,3,31.44,1,2,3,6,Риск ухода,49161.41,0.9357542074897401,C,1.3224516136694973,Z
6593087.0,676.26,31.400000000000006,13,2025-05-02 16:43:06,2.4153846153846157,80,13,31.400000000000006,2,4,3,9,Лояльные,49192.810000000005,0.9363518852641404,C,0.8817349696609852,Z
5653298.0,238.03,31.030000000000005,8,2025-03-31 21:44:16,3.8787500000000006,111,8,31.030000000000005,2,3,3,8,Лояльные,49223.840000000004,0.9369425203386512,C,0.6876982021973416,Z
156434883.0,340.56,30.95999999999998,1,2024-11-18 10:11:21,30.95999999999998,245,1,30.95999999999998,1,2,3,6,Риск ухода,49254.8,0.9375318230104802,C,0.0,
9021729.0,188.86,30.880000000000003,2,2025-03-13 11:48:39,15.440000000000001,130,2,30.880000000000003,2,2,3,7,Лояльные,49285.68,0.9381196029363872,C,0.0,
8208015.0,260.67,30.71,6,2024-12-16 15:40:04,5.118333333333333,217,6,30.71,1,3,2,6,Риск ухода,49316.39,0.9387041470272097,C,0.43425704634250367,Y
155870294.0,133.07,30.709999999999994,3,2025-03-06 00:58:59,10.236666666666665,137,3,30.709999999999994,2,2,2,6,Риск ухода,49347.1,0.9392886911180324,C,0.33847182297109224,Y
7479882.0,162.97,30.610000000000003,4,2025-05-28 15:07:38,7.652500000000001,54,4,30.610000000000003,3,3,2,8,Лояльные,49377.71,0.9398713317764525,C,0.38333883942807356,Y
156149136.0,403.49,30.470000000000027,3,2025-07-04 20:11:59,10.156666666666675,16,3,30.470000000000027,4,2,2,8,Лояльные,49408.18,0.9404513076295091,C,0.9641871729780648,Z
155276276.0,182.07999999999998,29.889999999999993,2,2024-08-12 07:01:14,14.944999999999997,343,2,29.889999999999993,1,2,2,5,Риск ухода,49438.07,0.9410202435746309,C,0.0,
155762172.0,136.82999999999998,29.620000000000005,6,2025-05-13 19:51:06,4.936666666666667,68,6,29.620000000000005,3,3,2,8,Лояльные,49467.69,0.9415840402522658,C,0.36311575021507536,Y
5001985.0,295.98,29.619999999999997,9,2025-07-11 11:48:39,3.291111111111111,10,9,29.619999999999997,4,3,2,9,Лояльные,49497.310000000005,0.9421478369299007,C,1.167604204206245,Z
7720173.0,243.73000000000002,29.590000000000018,6,2025-07-17 07:10:12,4.931666666666669,4,6,29.590000000000018,4,3,2,9,Лояльные,49526.9,0.9427110625778148,C,1.1898616009341836,Z
1377866.0,351.63,29.449999999999974,2,2025-05-13 08:32:51,14.724999999999987,69,2,29.449999999999974,3,2,2,7,Лояльные,49556.35,0.9432716234203652,C,1.355628144848641,Z
156886175.0,232.19,29.150000000000006,4,2025-07-14 21:25:42,7.287500000000001,6,4,29.150000000000006,4,3,2,9,Лояльные,49585.5,0.9438264739657082,C,0.8242706149131694,Z
155583534.0,260.68,28.95999999999999,5,2025-06-20 11:48:36,5.791999999999998,31,5,28.95999999999999,3,3,2,8,Лояльные,49614.46,0.9443777079894862,C,1.2145308482344719,Z
156077948.0,249.1,28.659999999999997,1,2024-12-24 11:40:18,28.659999999999997,209,1,28.659999999999997,1,2,2,5,Риск ухода,49643.12,0.9449232317160567,C,0.0,
7466075.0,213.94,28.600000000000005,9,2025-05-19 18:17:34,3.1777777777777785,63,9,28.600000000000005,3,3,2,8,Лояльные,49671.72,0.9454676133831855,C,0.8331845760262289,Z
157351610.0,351.89,28.270000000000017,5,2025-07-08 23:25:15,5.6540000000000035,12,5,28.270000000000017,4,3,2,9,Лояльные,49699.99,0.9460057137233859,C,1.4142135623730951,Z
10336792.0,666.17,28.18,12,2024-10-17 16:08:41,2.348333333333333,277,12,28.18,1,4,2,7,Лояльные,49728.17,0.9465421009744241,C,0.8983116666599859,Z
4096610.0,197.33999999999997,28.119999999999994,4,2025-06-30 00:34:21,7.0299999999999985,21,4,28.119999999999994,4,3,2,9,Лояльные,49756.29,0.9470773461660208,C,1.1024026062310897,Z
8090775.0,113.64,27.54,2,2024-09-11 14:13:45,13.77,313,2,27.54,1,2,2,5,Риск ухода,49783.83,0.9476015514496827,C,0.0,
4093299.0,495.64,27.400000000000006,4,2025-07-10 22:25:48,6.850000000000001,10,4,27.400000000000006,4,3,2,9,Лояльные,49811.23,0.948123091927981,C,1.7320508075688774,Z
155198342.0,300.16,27.28000000000003,1,2025-05-07 22:01:47,27.28000000000003,74,1,27.28000000000003,2,2,2,6,Риск ухода,49838.51,0.9486423482873962,C,0.0,
156114160.0,325.83,27.239999999999995,3,2024-08-24 08:15:45,9.079999999999998,331,3,27.239999999999995,1,2,2,5,Риск ухода,49865.75,0.9491608432738504,C,0.0,
7132554.0,222.66,27.000000000000007,4,2025-07-14 20:05:56,6.750000000000002,6,4,27.000000000000007,4,3,2,9,Лояльные,49892.75,0.9496747700225385,C,1.2776029223714012,Z
155875231.0,203.41,26.910000000000007,6,2025-05-20 15:57:15,4.485000000000001,62,6,26.910000000000007,3,3,2,8,Лояльные,49919.66,0.9501869836820644,C,1.414213562373095,Z
1615353.0,1035.1399999999999,26.899999999999977,2,2024-10-19 11:57:23,13.449999999999989,275,2,26.899999999999977,1,2,2,5,Риск ухода,49946.560000000005,0.9506990069983501,C,1.4142135623730951,Z
8078693.0,367.0,26.39,11,2025-07-21 15:09:13,2.399090909090909,0,11,26.39,4,4,2,10,Чемпионы,49972.950000000004,0.9512013228093826,C,0.8203924083985996,Z
5598565.0,131.78,26.36,1,2024-08-03 19:08:20,26.36,352,1,26.36,1,2,2,5,Риск ухода,49999.310000000005,0.9517030675906945,C,0.0,
6281795.0,255.51,25.669999999999995,6,2025-04-24 00:18:47,4.278333333333332,88,6,25.669999999999995,2,3,2,7,Лояльные,50024.98,0.9521916786884286,C,0.8861768743740236,Z
8377852.0,139.2,25.590000000000007,4,2025-07-15 07:48:02,6.397500000000002,6,4,25.590000000000007,4,3,2,9,Лояльные,50050.57,0.9526787670402407,C,0.9779414213989109,Z
6826003.0,145.64,25.499999999999996,10,2025-07-15 23:42:25,2.55,5,10,25.499999999999996,4,4,2,10,Чемпионы,50076.07,0.9531641423028906,C,1.042013842952323,Z
6460859.0,287.67,25.29,7,2025-05-24 16:51:13,3.6128571428571425,58,7,25.29,3,3,2,8,Лояльные,50101.36,0.9536455203574951,C,1.0017841001638743,Z
9775964.0,343.0,25.229999999999997,3,2025-06-11 20:48:39,8.409999999999998,39,3,25.229999999999997,3,2,2,7,Лояльные,50126.590000000004,0.9541257563526582,C,0.23598252467660452,X
155601492.0,211.51999999999998,24.84,4,2024-08-24 10:47:27,6.21,331,4,24.84,1,3,2,6,Риск ухода,50151.43,0.9545985689614511,C,0.0,
156041238.0,171.71,24.71999999999999,8,2025-07-19 07:17:25,3.089999999999999,2,8,24.71999999999999,4,3,2,9,Лояльные,50176.15,0.9550690974513611,C,1.3917625844890589,Z
156309658.0,210.21,24.180000000000007,1,2024-10-15 12:18:43,24.180000000000007,279,1,24.180000000000007,1,2,2,5,Риск ухода,50200.33,0.9555293474062975,C,0.0,
156578822.0,108.46000000000001,24.08000000000001,4,2025-02-06 23:44:32,6.020000000000002,164,4,24.08000000000001,2,3,2,7,Лояльные,50224.41,0.9559876939288311,C,0.9443751695581135,Z
7431367.0,117.22999999999999,23.809999999999995,2,2025-04-03 17:19:52,11.904999999999998,109,2,23.809999999999995,2,2,2,6,Риск ухода,50248.22,0.9564409011838779,C,0.23223750646277982,X
155809066.0,169.34,23.8,6,2025-06-04 15:51:57,3.966666666666667,47,6,23.8,3,3,2,8,Лояльные,50272.020000000004,0.9568939180956845,C,1.0826458448083107,Z
5519429.0,215.39,23.789999999999985,3,2025-07-12 03:50:57,7.929999999999995,9,3,23.789999999999985,4,2,2,8,Лояльные,50295.810000000005,0.9573467446642508,C,0.9900659312348921,Z
9150348.0,160.53,23.639999999999997,6,2025-07-19 07:55:21,3.9399999999999995,2,6,23.639999999999997,4,3,2,9,Лояльные,50319.450000000004,0.9577967160842132,C,1.4142135623730951,Z
5381952.0,131.34,23.58,9,2025-06-22 22:23:14,2.6199999999999997,28,9,23.58,3,3,2,8,Лояльные,50343.030000000006,0.9582455454447343,C,0.9613418880285179,Z
155754744.0,145.74,22.469999999999988,5,2025-02-08 10:36:23,4.493999999999998,163,5,22.469999999999988,2,3,2,7,Лояльные,50365.50000000001,0.958673246705587,C,0.7609186457094218,Z
8134839.0,128.94,22.379999999999995,1,2025-06-12 16:05:54,22.379999999999995,39,1,22.379999999999995,3,2,2,7,Лояльные,50387.880000000005,0.9590992348772772,C,0.0,
6618148.0,151.29999999999998,22.279999999999994,2,2024-11-24 13:31:15,11.139999999999997,239,2,22.279999999999994,1,2,2,5,Риск ухода,50410.16,0.959523319616565,C,0.749000001615912,Z
5185211.0,265.07,21.889999999999986,1,2025-07-10 14:31:30,21.889999999999986,11,1,21.889999999999986,4,2,2,8,Лояльные,50432.05,0.959939980969483,C,0.0,
6009249.0,189.91,21.849999999999994,1,2025-02-13 17:08:49,21.849999999999994,158,1,21.849999999999994,2,2,2,6,Риск ухода,50453.9,0.9603558809494398,C,0.0,
8847132.0,102.82000000000001,21.79,10,2025-04-30 17:42:44,2.179,82,10,21.79,2,4,2,8,Лояльные,50475.69,0.9607706388699551,C,1.5055263313313918,Z
8236391.0,103.82,21.74,2,2024-07-28 19:48:17,10.87,357,2,21.74,1,2,2,5,Риск ухода,50497.43,0.9611844450742691,C,0.0,
7240839.0,84.48,21.67,5,2025-04-06 11:18:52,4.3340000000000005,106,5,21.67,2,3,2,7,Лояльные,50519.1,0.9615969188759014,C,0.6281684254414096,Z
10306722.0,89.83,21.369999999999997,3,2024-11-16 09:30:41,7.123333333333332,247,3,21.369999999999997,1,2,2,5,Риск ухода,50540.47,0.9620036823803261,C,0.048309588232679224,X
8317275.0,319.8,20.97,7,2025-03-10 20:35:14,2.9957142857142856,132,7,20.97,2,3,2,7,Лояльные,50561.44,0.9624028321551404,C,0.7654422476363677,Z
156736542.0,416.89,20.860000000000014,9,2025-07-05 19:33:33,2.3177777777777795,15,9,20.860000000000014,4,3,2,9,Лояльные,50582.3,0.9627998881543122,C,1.414213562373095,Z
1558820.0,149.71,20.589999999999996,3,2025-01-08 18:27:05,6.863333333333332,194,3,20.589999999999996,1,2,2,5,Риск ухода,50602.89,0.9631918048859968,C,1.2177759330196685,Z
155408835.0,102.14,20.359999999999996,4,2025-07-04 11:44:13,5.089999999999999,17,4,20.359999999999996,4,3,2,9,Лояльные,50623.25,0.9635793437231557,C,0.0,
5976678.0,176.35,20.289999999999992,1,2025-01-29 17:38:47,20.289999999999992,173,1,20.289999999999992,2,2,2,6,Риск ухода,50643.54,0.9639655501576329,C,0.0,
155089937.0,176.01,20.25,1,2025-02-14 10:28:34,20.25,157,1,20.25,2,2,2,6,Риск ухода,50663.79,0.9643509952191489,C,0.0,
6196528.0,87.36,19.799999999999997,2,2025-03-29 14:12:16,9.899999999999999,114,2,19.799999999999997,2,2,2,6,Риск ухода,50683.590000000004,0.9647278748348536,C,0.3971225963027481,Y
5925093.0,216.81,19.710000000000008,1,2025-05-09 21:01:02,19.710000000000008,72,1,19.710000000000008,3,2,2,7,Лояльные,50703.3,0.9651030413613958,C,0.0,
5398866.0,158.12,19.420000000000016,1,2024-09-04 16:42:28,19.420000000000016,320,1,19.420000000000016,1,2,2,5,Риск ухода,50722.72,0.9654726879339708,C,0.0,
9920037.0,463.45,19.289999999999996,13,2025-05-20 12:14:38,1.4838461538461536,62,13,19.289999999999996,3,4,2,9,Лояльные,50742.01,0.9658398600444223,C,1.1566356024508233,Z
4586083.0,145.5,19.259999999999998,3,2024-08-31 09:34:23,6.419999999999999,324,3,19.259999999999998,1,2,2,5,Риск ухода,50761.270000000004,0.9662064611251533,C,0.0,
7355887.0,174.65999999999997,19.18,8,2025-05-17 15:45:06,2.3975,65,8,19.18,3,3,2,8,Лояльные,50780.450000000004,0.9665715394599621,C,1.0836157906442976,Z
10157876.0,155.68,19.120000000000005,1,2024-11-16 21:54:18,19.120000000000005,246,1,19.120000000000005,1,2,2,5,Риск ухода,50799.57000000001,0.9669354757353295,C,0.0,
5460768.0,237.38,18.98999999999998,5,2025-07-08 10:27:08,3.797999999999996,13,5,18.98999999999998,4,3,2,9,Лояльные,50818.560000000005,0.9672969375485734,C,2.041789358737032,Z
157434149.0,147.56,18.840000000000003,3,2025-07-17 21:11:28,6.280000000000001,3,3,18.840000000000003,4,2,2,8,Лояльные,50837.4,0.9676555442132134,C,0.0,
155346036.0,119.09,18.559999999999995,2,2025-06-14 18:58:58,9.279999999999998,37,2,18.559999999999995,3,2,2,7,Лояльные,50855.96,0.9680088212671264,C,0.0,
156330746.0,116.82,17.819999999999993,1,2024-10-21 10:08:55,17.819999999999993,273,1,17.819999999999993,1,2,2,5,Риск ухода,50873.78,0.9683480129212605,C,0.0,
156468543.0,128.28,17.700000000000003,1,2024-11-28 09:23:05,17.700000000000003,235,1,17.700000000000003,1,2,2,5,Риск ухода,50891.479999999996,0.9686849204565116,C,0.0,
6729751.0,95.22,17.64,2,2025-05-14 22:49:33,8.82,67,2,17.64,3,2,2,7,Лояльные,50909.119999999995,0.9690206859323212,C,0.0,
7917726.0,123.2,17.349999999999998,12,2025-07-21 19:11:48,1.445833333333333,0,12,17.349999999999998,4,4,2,10,Чемпионы,50926.469999999994,0.9693509314541633,C,0.5241239670483292,Z
1378309.0,92.89999999999999,17.32999999999999,2,2024-11-19 13:33:08,8.664999999999996,244,2,17.32999999999999,1,2,2,5,Риск ухода,50943.799999999996,0.969680796289525,C,0.0,
156316270.0,113.07,17.25,1,2024-10-16 20:03:03,17.25,277,1,17.25,1,2,2,5,Риск ухода,50961.049999999996,0.9700091383789646,C,0.0,
157375557.0,108.28999999999999,17.21,2,2025-07-02 20:00:22,8.605,18,2,17.21,4,2,2,8,Лояльные,50978.259999999995,0.9703367190954432,C,0.0,
156400355.0,95.16,17.159999999999997,1,2024-11-07 16:47:46,17.159999999999997,256,1,17.159999999999997,1,2,2,5,Риск ухода,50995.42,0.9706633480957205,C,0.0,
156682407.0,95.16,17.159999999999997,1,2025-02-07 17:31:24,17.159999999999997,164,1,17.159999999999997,2,2,2,6,Риск ухода,51012.58,0.970989977095998,C,0.0,
6932478.0,118.61,17.1,5,2024-10-18 21:40:27,3.4200000000000004,275,5,17.1,1,3,2,6,Риск ухода,51029.68,0.9713154640368338,C,0.0,
7311721.0,81.49000000000001,17.07,2,2025-02-14 10:46:40,8.535,157,2,17.07,2,2,2,6,Риск ухода,51046.75,0.9716403799479487,C,0.8574757100504705,Z
156052219.0,147.69,16.99000000000001,1,2024-08-06 19:02:37,16.99000000000001,349,1,16.99000000000001,1,2,2,5,Риск ухода,51063.74,0.9719637731131417,C,0.0,
5520723.0,111.23,16.97,1,2024-11-13 00:26:46,16.97,250,1,16.97,1,2,2,5,Риск ухода,51080.71,0.9722867855918542,C,0.0,
7237201.0,101.74,16.959999999999994,1,2025-03-15 09:25:35,16.959999999999994,128,1,16.959999999999994,2,2,2,6,Риск ухода,51097.67,0.9726096077273264,C,0.0,
1424137.0,93.46,16.819999999999993,4,2025-06-30 10:22:50,4.204999999999998,21,4,16.819999999999993,4,3,2,9,Лояльные,51114.49,0.9729297650574351,C,1.2915185662473414,Z
2434411.0,120.69,16.64999999999999,1,2024-10-25 20:37:44,16.64999999999999,268,1,16.64999999999999,1,2,2,5,Риск ухода,51131.14,0.9732466865524595,C,0.0,
8332694.0,95.98,16.610000000000003,6,2024-09-10 07:37:10,2.768333333333334,314,6,16.610000000000003,1,3,2,6,Риск ухода,51147.75,0.9735628466745228,C,0.35504338080047004,Y
156287133.0,99.58,16.599999999999994,1,2024-10-10 08:21:41,16.599999999999994,284,1,16.599999999999994,1,2,2,5,Риск ухода,51164.35,0.9738788164533458,C,0.0,
9796263.0,263.38,16.520000000000017,3,2025-06-17 23:47:07,5.506666666666672,33,3,16.520000000000017,3,2,2,7,Лояльные,51180.869999999995,0.9741932634862468,C,1.5577201261814546,Z
6560090.0,388.32,16.319999999999993,2,2025-03-09 20:59:36,8.159999999999997,133,2,16.319999999999993,2,2,2,6,Риск ухода,51197.189999999995,0.9745039036543427,C,1.414213562373095,Z
4675582.0,179.91,16.060000000000002,3,2025-06-30 18:13:38,5.353333333333334,21,3,16.060000000000002,4,2,2,8,Лояльные,51213.24999999999,0.974809594898192,C,1.7320508075688772,Z
2075002.0,122.85,16.019999999999996,1,2024-08-02 11:45:45,16.019999999999996,353,1,16.019999999999996,1,2,2,5,Риск ухода,51229.26999999999,0.9751145247690802,C,0.0,
156672824.0,101.72,15.940000000000005,2,2025-02-05 11:04:17,7.970000000000002,166,2,15.940000000000005,2,2,2,6,Риск ухода,51245.20999999999,0.9754179318940465,C,0.0,
156041291.0,65.39000000000001,15.850000000000003,3,2024-08-22 02:42:29,5.283333333333334,333,3,15.850000000000003,1,2,2,5,Риск ухода,51261.05999999999,0.9757196259298504,C,0.0,
155856571.0,259.03999999999996,15.52,3,2024-10-17 18:37:25,5.173333333333333,277,3,15.52,1,2,2,5,Риск ухода,51276.57999999999,0.9760150386387259,C,0.12392593072341583,X
156436438.0,60.49,15.470000000000002,4,2025-02-26 20:08:53,3.8675000000000006,144,4,15.470000000000002,2,3,2,7,Лояльные,51292.04999999999,0.9763094996314001,C,0.20385883930782184,X
7589880.0,85.44,15.409999999999997,1,2024-11-28 19:01:39,15.409999999999997,235,1,15.409999999999997,1,2,2,5,Риск ухода,51307.45999999999,0.9766028185646329,C,0.0,
8404031.0,82.42,15.409999999999997,1,2024-08-25 12:55:30,15.409999999999997,330,1,15.409999999999997,1,2,2,5,Риск ухода,51322.869999999995,0.9768961374978657,C,0.0,
8649486.0,60.33,15.270000000000001,4,2025-04-22 10:45:36,3.8175000000000003,90,4,15.270000000000001,2,3,2,7,Лояльные,51338.13999999999,0.9771867916257349,C,1.4114762673306593,Z
10277492.0,78.86,15.259999999999998,1,2025-03-28 12:37:50,15.259999999999998,115,1,15.259999999999998,2,2,2,6,Риск ухода,51353.399999999994,0.9774772554103638,C,0.0,
157353989.0,141.52,15.16000000000001,1,2025-06-26 15:45:05,15.16000000000001,25,1,15.16000000000001,4,2,2,8,Лояльные,51368.56,0.9777658157625901,C,0.0,
156140706.0,78.27,15.149999999999999,1,2024-08-31 16:51:03,15.149999999999999,324,1,15.149999999999999,1,2,2,5,Риск ухода,51383.71,0.9780541857715763,C,0.0,
6021218.0,140.65,15.070000000000007,1,2025-06-26 13:23:58,15.070000000000007,25,1,15.070000000000007,4,2,2,8,Лояльные,51398.78,0.9783410330346404,C,0.0,
7780665.0,75.0,15.0,1,2024-08-14 09:12:10,15.0,341,1,15.0,1,2,2,5,Риск ухода,51413.78,0.9786265478950227,C,0.0,
9678220.0,77.52,14.999999999999993,1,2024-11-24 12:31:08,14.999999999999993,239,1,14.999999999999993,1,2,2,5,Риск ухода,51428.78,0.978912062755405,C,0.0,
8559986.0,323.76000000000005,14.970000000000002,3,2024-12-09 15:06:46,4.990000000000001,224,3,14.970000000000002,1,2,2,5,Риск ухода,51443.75,0.9791970065860665,C,0.4203908051142466,Y
9802195.0,262.54,14.959999999999999,9,2025-05-19 13:55:06,1.662222222222222,63,9,14.959999999999999,3,3,2,8,Лояльные,51458.71,0.9794817600734878,C,1.4142135623730951,Z
157249549.0,129.96,14.950000000000003,1,2025-06-02 17:54:20,14.950000000000003,49,1,14.950000000000003,3,2,2,7,Лояльные,51473.659999999996,0.9797663232176687,C,0.0,
155160351.0,129.77,14.930000000000007,1,2025-06-04 17:33:04,14.930000000000007,47,1,14.930000000000007,3,2,2,7,Лояльные,51488.59,0.9800505056753692,C,0.0,
6667348.0,74.58,14.920000000000002,1,2024-08-24 19:26:02,14.920000000000002,330,1,14.920000000000002,1,2,2,5,Риск ухода,51503.509999999995,0.9803344977898294,C,0.0,
156064994.0,70.34,14.719999999999994,2,2025-04-28 16:40:52,7.359999999999997,84,2,14.719999999999994,2,2,2,6,Риск ухода,51518.229999999996,0.9806146830394845,C,0.6898134088205723,Z
155002032.0,242.06,14.700000000000003,4,2025-06-25 20:23:09,3.6750000000000007,25,4,14.700000000000003,4,3,2,9,Лояльные,51532.92999999999,0.9808944876026592,C,1.7320508075688772,Z
8869441.0,58.93000000000001,14.560000000000002,2,2024-12-24 16:30:15,7.280000000000001,209,2,14.560000000000002,1,2,2,5,Риск ухода,51547.48999999999,0.9811716273604701,C,0.20785831205208957,X
10047108.0,216.54,14.55,9,2025-06-19 13:58:43,1.6166666666666667,32,9,14.55,3,3,2,8,Лояльные,51562.03999999999,0.981448576775041,C,1.4363192383658407,Z
6046431.0,74.8,14.479999999999997,1,2024-09-10 13:54:58,14.479999999999997,314,1,14.479999999999997,1,2,2,5,Риск ухода,51576.52,0.9817241937869301,C,0.0,
157404333.0,72.24,14.459999999999994,1,2025-07-09 17:53:48,14.459999999999994,12,1,14.459999999999994,4,2,2,8,Лояльные,51590.979999999996,0.9819994301123386,C,0.0,
4968537.0,82.61,14.45,2,2025-04-14 13:20:20,7.225,98,2,14.45,2,2,2,6,Риск ухода,51605.42999999999,0.9822744760945068,C,0.0,
9442287.0,57.78,14.34,4,2025-02-27 09:35:37,3.585,144,4,14.34,2,3,2,7,Лояльные,51619.76999999999,0.9825474283010323,C,1.0986289459439524,Z
156521683.0,62.46,14.28,3,2025-05-04 13:05:02,4.76,78,3,14.28,2,2,2,6,Риск ухода,51634.04999999999,0.9828192384481161,C,0.744186920556868,Z
9468675.0,100.06,14.099999999999996,4,2024-09-12 21:26:04,3.524999999999999,311,4,14.099999999999996,1,3,2,6,Риск ухода,51648.14999999999,0.9830876224168754,C,1.3635293591499673,Z
157342702.0,122.58,14.099999999999994,1,2025-06-23 22:01:21,14.099999999999994,27,1,14.099999999999994,3,2,2,7,Лояльные,51662.249999999985,0.9833560063856348,C,0.0,
156717336.0,62.28,13.620000000000005,1,2025-04-11 13:43:52,13.620000000000005,101,1,13.620000000000005,2,2,2,6,Риск ухода,51675.86999999999,0.983615253878862,C,0.0,
155427088.0,55.31,13.620000000000001,2,2025-01-19 22:52:14,6.8100000000000005,182,2,13.620000000000001,2,2,2,6,Риск ухода,51689.48999999999,0.9838745013720891,C,0.0,
8997520.0,64.48,13.540000000000003,3,2025-05-18 09:11:04,4.5133333333333345,64,3,13.540000000000003,3,2,2,7,Лояльные,51703.02999999999,0.9841322261193942,C,0.5448460060292027,Z
7114666.0,51.84,13.440000000000005,1,2025-02-14 17:34:02,13.440000000000005,157,1,13.440000000000005,2,2,2,6,Риск ухода,51716.469999999994,0.9843880474342968,C,0.0,
8657459.0,176.9,13.420000000000002,4,2024-10-25 09:03:27,3.3550000000000004,269,4,13.420000000000002,1,3,2,6,Риск ухода,51729.88999999999,0.9846434880627187,C,0.0,
4936156.0,325.86,13.38,6,2025-04-02 10:02:23,2.23,110,6,13.38,2,3,2,7,Лояльные,51743.26999999999,0.9848981673181797,C,1.1605936652990096,Z
155002016.0,53.41,13.21,3,2024-11-07 22:04:02,4.403333333333333,255,3,13.21,1,2,2,5,Риск ухода,51756.47999999999,0.9851496107385563,C,0.0,
155097905.0,58.68,12.839999999999996,1,2024-09-03 10:18:48,12.839999999999996,321,1,12.839999999999996,1,2,2,5,Риск ухода,51769.319999999985,0.9853940114590435,C,0.0,
155090253.0,49.79,12.770000000000001,3,2024-12-27 19:01:32,4.256666666666667,206,3,12.770000000000001,1,2,2,5,Риск ухода,51782.08999999998,0.9856370797768489,C,0.7032307064267151,Z
8210314.0,110.55,12.730000000000006,5,2025-05-28 15:30:25,2.546000000000001,54,5,12.730000000000006,3,3,2,8,Лояльные,51794.819999999985,0.9858793867216934,C,1.023337361041296,Z
156995048.0,464.19,12.710000000000008,5,2025-05-04 09:57:01,2.5420000000000016,78,5,12.710000000000008,2,3,2,7,Лояльные,51807.529999999984,0.9861213129800572,C,0.0,
157141527.0,103.49,12.709999999999994,1,2025-05-27 14:49:11,12.709999999999994,55,1,12.709999999999994,3,2,2,7,Лояльные,51820.23999999998,0.9863632392384212,C,0.0,
155331818.0,218.01999999999998,12.649999999999999,2,2024-08-16 14:37:38,6.324999999999999,339,2,12.649999999999999,1,2,2,5,Риск ухода,51832.889999999985,0.9866040234373437,C,0.0,
3461908.0,254.29,12.05,6,2025-05-21 15:35:01,2.0083333333333333,61,6,12.05,3,3,2,8,Лояльные,51844.93999999999,0.9868333870418508,C,1.027345336009664,Z
10348996.0,54.06999999999999,11.949999999999994,2,2024-12-09 15:34:19,5.974999999999997,224,2,11.949999999999994,1,2,2,5,Риск ухода,51856.889999999985,0.9870608472139553,C,1.2390641002549208,Z
7037520.0,130.4,11.920000000000002,6,2025-04-30 01:44:16,1.986666666666667,82,6,11.920000000000002,2,3,2,7,Лояльные,51868.80999999998,0.987287736356339,C,1.0060848161848865,Z
156953119.0,110.36,11.819999999999993,1,2025-04-13 18:02:35,11.819999999999993,99,1,11.819999999999993,2,2,2,6,Риск ухода,51880.62999999998,0.9875127220663202,C,0.0,
8217927.0,84.91,11.709999999999994,1,2025-05-17 09:11:53,11.709999999999994,65,1,11.709999999999994,3,2,2,7,Лояльные,51892.33999999998,0.9877356140006587,C,0.0,
8385485.0,50.62,11.68,1,2025-01-02 17:58:17,11.68,200,1,11.68,1,2,2,5,Риск ухода,51904.01999999998,0.9879579349052763,C,0.0,
3508118.0,237.4,11.68,7,2024-10-29 23:55:59,1.6685714285714286,264,7,11.68,1,3,2,6,Риск ухода,51915.69999999998,0.988180255809894,C,1.4142135623730951,Z
5515493.0,50.54,11.659999999999997,2,2025-06-10 10:40:23,5.829999999999998,41,2,11.659999999999997,3,2,2,7,Лояльные,51927.359999999986,0.9884021960280313,C,1.414213562373095,Z
7585380.0,319.52,11.590000000000003,5,2025-07-04 04:51:35,2.3180000000000005,17,5,11.590000000000003,4,3,2,9,Лояльные,51938.94999999998,0.9886228038434866,C,1.7320508075688774,Z
8110231.0,52.45,11.470000000000006,1,2025-03-20 16:39:44,11.470000000000006,123,1,11.470000000000006,2,2,2,6,Риск ухода,51950.419999999984,0.9888411275400589,C,0.0,
156162741.0,48.59,11.21,1,2024-09-06 15:13:11,11.21,318,1,11.21,1,2,2,5,Риск ухода,51961.62999999998,0.9890545023123846,C,0.0,
5767643.0,330.85,10.720000000000002,5,2025-05-25 15:34:32,2.1440000000000006,57,5,10.720000000000002,3,3,2,8,Лояльные,51972.349999999984,0.9892585502659378,C,1.7320508075688774,Z
6626284.0,147.35999999999999,10.580000000000002,10,2025-06-21 14:53:29,1.0580000000000003,30,10,10.580000000000002,3,4,2,9,Лояльные,51982.929999999986,0.9894599334141274,C,1.200343836494366,Z
157307421.0,71.11,10.329999999999998,1,2025-06-14 12:08:17,10.329999999999998,37,1,10.329999999999998,3,2,2,7,Лояльные,51993.25999999999,0.9896565579813108,C,0.0,
155381519.0,84.26,10.21,3,2025-05-01 15:47:03,3.4033333333333338,81,3,10.21,2,2,2,6,Риск ухода,52003.46999999999,0.9898508984296109,C,1.4142135623730951,Z
9771132.0,79.48,10.190000000000001,3,2024-10-07 14:06:21,3.396666666666667,287,3,10.190000000000001,1,2,2,5,Риск ухода,52013.65999999999,0.9900448581914307,C,0.0,
6809469.0,134.75,10.089999999999996,2,2025-06-26 12:32:28,5.044999999999998,25,2,10.089999999999996,4,2,2,8,Лояльные,52023.749999999985,0.9902369145208477,C,1.4142135623730951,Z
156172434.0,43.68,10.079999999999998,1,2024-09-10 08:12:20,10.079999999999998,314,1,10.079999999999998,1,2,2,5,Риск ухода,52033.82999999999,0.9904287805070247,C,0.0,
156791768.0,65.17,9.940000000000005,1,2025-07-18 09:24:40,9.940000000000005,3,1,9.940000000000005,4,2,2,8,Лояльные,52043.76999999999,0.9906179816878381,C,0.0,
6103856.0,470.36,9.449999999999998,7,2025-05-27 12:06:22,1.3499999999999996,55,7,9.449999999999998,3,3,2,8,Лояльные,52053.21999999999,0.9907978560498788,C,1.1972197012317967,Z
6221221.0,38.41,9.309999999999995,1,2024-12-03 09:52:39,9.309999999999995,230,1,9.309999999999995,1,2,2,5,Риск ухода,52062.529999999984,0.990975065606556,C,0.0,
156995257.0,58.05,9.269999999999996,1,2025-04-24 09:48:23,9.269999999999996,88,1,9.269999999999996,2,2,2,6,Риск ухода,52071.79999999998,0.9911515137902722,C,0.0,
8751227.0,269.38,9.21,7,2025-06-22 02:17:12,1.3157142857142858,29,7,9.21,3,3,2,8,Лояльные,52081.00999999998,0.991326819914547,C,1.414213562373095,Z
4487010.0,81.75,9.169999999999998,8,2025-05-26 22:03:34,1.1462499999999998,55,8,9.169999999999998,3,3,2,8,Лояльные,52090.17999999998,0.9915013646658606,C,0.6107673455511107,Z
7068650.0,57.12,9.119999999999997,1,2025-05-02 21:52:03,9.119999999999997,79,1,9.119999999999997,2,2,1,5,Риск ухода,52099.29999999998,0.9916749577009731,C,0.0,
7275987.0,45.45,9.030000000000001,2,2025-06-13 09:07:44,4.515000000000001,38,2,9.030000000000001,3,2,1,6,Риск ухода,52108.32999999998,0.9918468376469233,C,0.0,
156932757.0,289.47,8.93,8,2025-05-25 15:00:36,1.11625,57,8,8.93,3,3,1,7,Лояльные,52117.25999999998,0.9920168141604708,C,1.4142135623730951,Z
6369197.0,37.18,8.8,2,2024-08-05 18:07:29,4.4,350,2,8.8,1,2,1,4,Риск ухода,52126.05999999998,0.9921843162118952,C,1.414213562373095,Z
5384725.0,86.83000000000001,8.770000000000003,2,2025-06-04 09:37:40,4.385000000000002,47,2,8.770000000000003,3,2,1,6,Риск ухода,52134.82999999998,0.9923512472335986,C,1.414213562373095,Z
8047880.0,35.64,8.64,1,2024-12-30 23:32:30,8.64,202,1,8.64,1,2,1,4,Риск ухода,52143.46999999998,0.9925157037931788,C,0.0,
157324545.0,42.9,8.52,2,2025-06-19 10:05:59,4.26,32,2,8.52,3,2,1,6,Риск ухода,52151.989999999976,0.9926778762338758,C,0.0,
155902190.0,127.80000000000001,8.510000000000005,3,2025-03-15 22:01:13,2.8366666666666682,127,3,8.510000000000005,2,2,1,5,Риск ухода,52160.49999999998,0.9928398583313328,C,1.4142135623730951,Z
156678025.0,35.46,8.36,3,2025-04-17 17:25:48,2.7866666666666666,95,3,8.36,2,2,1,5,Риск ухода,52168.85999999998,0.9929989852801858,C,0.8627379387682759,Z
7436971.0,34.31,8.320000000000004,1,2024-09-28 16:59:44,8.320000000000004,296,1,8.320000000000004,1,2,1,4,Риск ухода,52177.17999999998,0.9931573508560778,C,0.0,
156163784.0,33.66,8.159999999999997,1,2024-09-06 22:50:37,8.159999999999997,317,1,8.159999999999997,1,2,1,4,Риск ухода,52185.33999999998,0.9933126709401259,C,0.0,
1958306.0,33.26,8.059999999999999,1,2024-09-09 11:45:58,8.059999999999999,315,1,8.059999999999999,1,2,1,4,Риск ухода,52193.39999999998,0.9934660875917712,C,0.0,
8550030.0,33.05,8.009999999999998,1,2025-02-10 16:30:04,8.009999999999998,161,1,8.009999999999998,2,2,1,5,Риск ухода,52201.40999999998,0.9936185525272154,C,0.0,
157444438.0,42.6,7.68,1,2025-07-20 13:50:42,7.68,1,1,7.68,4,2,1,7,Лояльные,52209.08999999998,0.9937647361357311,C,0.0,
156329942.0,31.2,7.559999999999999,1,2024-10-26 11:09:37,7.559999999999999,268,1,7.559999999999999,1,2,1,4,Риск ухода,52216.64999999998,0.9939086356253638,C,0.0,
155382949.0,291.81,7.42,7,2025-04-09 19:53:24,1.06,102,7,7.42,2,3,1,6,Риск ухода,52224.06999999998,0.9940498703096329,C,1.5402299227221803,Z
155636570.0,30.47,7.390000000000001,1,2024-09-02 18:12:52,7.390000000000001,322,1,7.390000000000001,1,2,1,4,Риск ухода,52231.45999999998,0.9941905339641812,C,0.0,
155908460.0,28.54,7.299999999999999,2,2025-02-08 14:14:05,3.6499999999999995,163,2,7.299999999999999,2,2,1,5,Риск ухода,52238.75999999998,0.9943294845295673,C,0.25959536624382806,Y
156316384.0,29.94,7.260000000000002,1,2024-10-16 21:18:57,7.260000000000002,277,1,7.260000000000002,1,2,1,4,Риск ухода,52246.01999999998,0.9944676737219924,C,0.0,
4754603.0,70.99000000000001,7.219999999999998,4,2025-01-12 14:47:37,1.8049999999999995,190,4,7.219999999999998,1,3,1,5,Риск ухода,52253.23999999998,0.9946051015414564,C,1.1973778335305156,Z
5517055.0,39.97,7.210000000000001,1,2025-05-10 13:09:10,7.210000000000001,72,1,7.210000000000001,3,2,1,6,Риск ухода,52260.44999999998,0.9947423390176802,C,0.0,
156469881.0,266.85,7.190000000000001,3,2025-05-19 11:14:16,2.396666666666667,63,3,7.190000000000001,3,2,1,6,Риск ухода,52267.639999999985,0.9948791958074233,C,1.414213562373095,Z
157322212.0,49.06,7.16,3,2025-07-11 18:42:44,2.3866666666666667,10,3,7.16,4,2,1,7,Лояльные,52274.79999999999,0.9950154815674459,C,1.414213562373095,Z
9592746.0,29.46,7.140000000000001,1,2025-01-18 18:08:31,7.140000000000001,184,1,7.140000000000001,2,2,1,5,Риск ухода,52281.93999999999,0.9951513866409879,C,0.0,
7533768.0,44.34,7.0,2,2024-07-26 11:22:55,3.5,360,2,7.0,1,2,1,4,Риск ухода,52288.93999999999,0.9952846269091663,C,0.0,
6744857.0,27.56,6.68,1,2024-10-22 16:18:46,6.68,272,1,6.68,1,2,1,4,Риск ухода,52295.61999999999,0.9954117761936565,C,0.0,
155080277.0,26.49,6.569999999999997,1,2024-08-26 13:01:57,6.569999999999997,329,1,6.569999999999997,1,2,1,4,Риск ухода,52302.18999999999,0.995536831702504,C,0.0,
156027145.0,26.25,6.510000000000002,1,2024-07-30 21:09:01,6.510000000000002,355,1,6.510000000000002,1,2,1,4,Риск ухода,52308.69999999999,0.9956607451519099,C,0.0,
155499206.0,26.6,6.450000000000003,1,2024-11-07 14:32:54,6.450000000000003,256,1,6.450000000000003,1,2,1,4,Риск ухода,52315.14999999999,0.9957835165418742,C,0.0,
155327014.0,44.93,6.399999999999999,4,2025-06-26 22:44:11,1.5999999999999996,24,4,6.399999999999999,4,3,1,8,Лояльные,52321.54999999999,0.9959053362156374,C,0.8947765084086641,Z
156142640.0,24.119999999999997,6.179999999999999,2,2024-10-19 11:48:28,3.0899999999999994,275,2,6.179999999999999,1,2,1,4,Риск ухода,52327.72999999999,0.9960229683381149,C,0.1922232026526539,X
5766869.0,79.05,6.07,4,2025-07-04 21:08:21,1.5175,16,4,6.07,4,3,1,8,Лояльные,52333.79999999999,0.9961385066849496,C,1.414213562373095,Z
1385341.0,30.619999999999997,6.0600000000000005,2,2025-06-14 21:43:54,3.0300000000000002,36,2,6.0600000000000005,3,2,1,6,Риск ухода,52339.859999999986,0.996253854688544,C,0.8868005836662969,Z
6754678.0,41.589999999999996,5.909999999999999,3,2024-12-14 18:19:50,1.9699999999999998,219,3,5.909999999999999,1,2,1,4,Риск ухода,52345.76999999999,0.9963663475435347,C,0.0,
155466453.0,91.78,5.800000000000001,2,2025-04-13 22:48:13,2.9000000000000004,98,2,5.800000000000001,2,2,1,5,Риск ухода,52351.56999999999,0.9964767466228825,C,1.4142135623730951,Z
8357190.0,24.34,5.620000000000001,1,2025-04-13 11:12:19,5.620000000000001,99,1,5.620000000000001,2,2,1,5,Риск ухода,52357.189999999995,0.9965837195239058,C,0.0,
155099176.0,179.05,5.609999999999999,5,2025-07-12 07:45:38,1.1219999999999999,9,5,5.609999999999999,4,3,1,8,Лояльные,52362.799999999996,0.9966905020816887,C,1.7320508075688772,Z
3774369.0,52.800000000000004,5.48,6,2025-04-13 21:25:58,0.9133333333333334,98,6,5.48,2,3,1,6,Риск ухода,52368.28,0.9967948101773485,C,1.3481602308169387,Z
155383072.0,21.31,5.409999999999998,1,2024-09-05 07:58:59,5.409999999999998,319,1,5.409999999999998,1,2,1,4,Риск ухода,52373.69,0.9968977858703265,C,0.0,
156575232.0,20.76,5.270000000000001,1,2025-02-23 17:23:19,5.270000000000001,148,1,5.270000000000001,2,2,1,5,Риск ухода,52378.96,0.9969980967579407,C,0.0,
7040932.0,29.900000000000002,5.1800000000000015,2,2025-05-05 18:50:18,2.5900000000000007,77,2,5.1800000000000015,2,2,1,5,Риск ухода,52384.14,0.9970966945563927,C,1.4142135623730951,Z
9578651.0,99.16,4.970000000000002,4,2025-05-23 13:01:01,1.2425000000000006,59,4,4.970000000000002,3,3,1,7,Лояльные,52389.11,0.9971912951467994,C,1.4142135623730951,Z
9248513.0,164.26,4.76,3,2025-04-28 11:54:43,1.5866666666666667,84,3,4.76,2,2,1,5,Риск ухода,52393.87,0.9972818985291607,C,1.4142135623730951,Z
157128298.0,23.25,4.649999999999999,1,2025-05-13 10:38:17,4.649999999999999,69,1,4.649999999999999,3,2,1,6,Риск ухода,52398.520000000004,0.9973704081358793,C,0.0,
7033676.0,18.17,4.510000000000002,1,2024-08-20 21:02:02,4.510000000000002,334,1,4.510000000000002,1,2,1,4,Риск ухода,52403.030000000006,0.9974562529372343,C,0.0,
2430559.0,17.25,4.4700000000000015,2,2025-04-01 15:23:34,2.2350000000000008,111,2,4.4700000000000015,2,2,1,5,Риск ухода,52407.50000000001,0.9975413363656283,C,0.1676808026974811,X
10449574.0,139.44,4.41,4,2025-06-02 13:32:38,1.1025,49,4,4.41,3,3,1,7,Лояльные,52411.91000000001,0.9976252777345807,C,0.0,
156968775.0,29.91,4.350000000000001,1,2025-04-17 10:13:00,4.350000000000001,95,1,4.350000000000001,2,2,1,5,Риск ухода,52416.26000000001,0.9977080770440915,C,0.0,
10389620.0,51.77,4.35,3,2025-05-02 14:51:25,1.45,80,3,4.35,2,2,1,5,Риск ухода,52420.61000000001,0.9977908763536023,C,1.414213562373095,Z
5476751.0,90.74,4.3100000000000005,5,2025-06-19 16:20:20,0.8620000000000001,32,5,4.3100000000000005,3,3,1,7,Лояльные,52424.920000000006,0.9978729142901521,C,0.0,
156027184.0,16.29,4.229999999999999,2,2024-07-30 21:47:27,2.1149999999999993,355,2,4.229999999999999,1,2,1,4,Риск ухода,52429.15000000001,0.99795342948078,C,0.0,
6487621.0,16.25,4.210000000000001,1,2025-03-02 13:31:12,4.210000000000001,141,1,4.210000000000001,2,2,1,5,Риск ухода,52433.36000000001,0.9980335639849273,C,0.0,
157293302.0,20.93,4.190000000000001,1,2025-06-21 10:18:58,4.190000000000001,30,1,4.190000000000001,3,2,1,6,Риск ухода,52437.55000000001,0.9981133178025942,C,0.0,
9837376.0,16.51,4.190000000000001,1,2024-12-16 13:59:10,4.190000000000001,217,1,4.190000000000001,1,2,1,4,Риск ухода,52441.74000000001,0.9981930716202609,C,0.0,
156490329.0,102.43,4.129999999999999,2,2025-03-08 15:14:34,2.0649999999999995,135,2,4.129999999999999,2,2,1,5,Риск ухода,52445.87000000001,0.9982716833784862,C,1.4142135623730951,Z
155598332.0,16.17,4.100000000000001,1,2025-01-06 00:09:44,4.100000000000001,196,1,4.100000000000001,1,2,1,4,Риск ухода,52449.97000000001,0.9983497241069906,C,0.0,
155503548.0,14.79,3.75,1,2025-01-28 23:25:58,3.75,173,1,3.75,2,2,1,5,Риск ухода,52453.72000000001,0.9984211028220862,C,0.0,
155253282.0,63.17,3.67,4,2025-05-28 21:38:23,0.9175,53,4,3.67,3,3,1,7,Лояльные,52457.39000000001,0.9984909587912597,C,1.7320508075688772,Z
155128328.0,16.82,3.58,1,2025-06-03 21:48:45,3.58,47,1,3.58,3,2,1,6,Риск ухода,52460.97000000001,0.9985591016712709,C,0.0,
4947327.0,13.75,3.49,1,2024-09-19 21:04:22,3.49,304,1,3.49,1,2,1,4,Риск ухода,52464.46000000001,0.9986255314621199,C,0.0,
156802112.0,13.2,3.42,1,2025-03-05 09:41:09,3.42,138,1,3.42,2,2,1,5,Риск ухода,52467.880000000005,0.998690628850287,C,0.0,
8589647.0,130.93,3.4000000000000004,3,2025-04-25 14:29:30,1.1333333333333335,87,3,3.4000000000000004,2,2,1,5,Риск ухода,52471.280000000006,0.9987553455519737,C,1.414213562373095,Z
4666758.0,12.96,3.360000000000001,1,2025-04-02 15:35:14,3.360000000000001,110,1,3.360000000000001,2,2,1,5,Риск ухода,52474.64000000001,0.9988193008806993,C,0.0,
1385159.0,25.54,3.280000000000001,2,2025-07-11 22:34:16,1.6400000000000006,9,2,3.280000000000001,4,2,1,7,Лояльные,52477.920000000006,0.9988817334635028,C,1.414213562373095,Z
155389332.0,12.56,3.26,1,2024-08-09 19:01:32,3.26,346,1,3.26,1,2,1,4,Риск ухода,52481.18000000001,0.998943785359826,C,0.0,
6746747.0,91.27000000000001,3.26,3,2025-01-14 21:03:16,1.0866666666666667,187,3,3.26,1,2,1,4,Риск ухода,52484.44000000001,0.9990058372561491,C,1.7320508075688772,Z
5581849.0,12.44,3.24,1,2024-08-05 21:02:52,3.24,349,1,3.24,1,2,1,4,Риск ухода,52487.68000000001,0.9990675084659917,C,0.0,
157367530.0,15.42,3.1799999999999997,1,2025-07-01 00:20:34,3.1799999999999997,20,1,3.1799999999999997,4,2,1,7,Лояльные,52490.86000000001,0.9991280376163927,C,0.0,
4861710.0,12.07,3.130000000000001,6,2024-12-04 16:03:00,0.5216666666666668,229,6,3.130000000000001,1,3,1,5,Риск ухода,52493.990000000005,0.9991876150505924,C,0.18294745434147497,X
155678114.0,11.83,3.0700000000000003,1,2024-08-21 23:40:41,3.0700000000000003,333,1,3.0700000000000003,1,2,1,4,Риск ухода,52497.060000000005,0.9992460504253506,C,0.0,
6748440.0,177.81,2.540000000000001,2,2025-07-15 20:39:03,1.2700000000000005,5,2,2.540000000000001,4,2,1,7,Лояльные,52499.600000000006,0.9992943976083754,C,1.414213562373095,Z
8622977.0,99.22,2.540000000000001,4,2025-05-27 12:20:34,0.6350000000000002,55,4,2.540000000000001,3,3,1,7,Лояльные,52502.14000000001,0.9993427447914002,C,1.414213562373095,Z
157325741.0,11.43,2.4299999999999997,1,2025-06-19 13:11:51,2.4299999999999997,32,1,2.4299999999999997,3,2,1,6,Риск ухода,52504.57000000001,0.9993889981987821,C,0.0,
155439587.0,9.32,2.42,1,2025-03-31 21:34:39,2.42,111,1,2.42,2,2,1,5,Риск ухода,52506.990000000005,0.9994350612629237,C,0.0,
5494009.0,9.3,2.410000000000001,1,2025-03-23 19:03:28,2.410000000000001,120,1,2.410000000000001,2,2,1,5,Риск ухода,52509.40000000001,0.9994809339838252,C,0.0,
10323192.0,2412.64,2.37,74,2025-07-10 10:18:57,0.032027027027027026,11,74,2.37,4,4,1,9,Лояльные,52511.77000000001,0.9995260453317657,C,3.605551275463989,Z
4854136.0,40.99,2.33,4,2025-01-29 16:56:26,0.5825,173,4,2.33,2,3,1,6,Риск ухода,52514.10000000001,0.9995703953067451,C,1.414213562373095,Z
2513414.0,8.4,2.16,2,2024-08-13 14:21:55,1.08,342,2,2.16,1,2,1,4,Риск ухода,52516.26000000002,0.9996115094466402,C,0.0,
156848195.0,8.12,2.0999999999999996,1,2025-03-18 12:58:53,2.0999999999999996,125,1,2.0999999999999996,2,2,1,5,Риск ухода,52518.360000000015,0.9996514815270937,C,0.0,
1516856.0,41.2,2.0999999999999996,4,2024-10-29 19:11:21,0.5249999999999999,265,4,2.0999999999999996,1,3,1,5,Риск ухода,52520.460000000014,0.9996914536075472,C,0.0,
3032795.0,88.28,2.04,4,2025-04-04 10:32:23,0.51,108,4,2.04,2,3,1,6,Риск ухода,52522.500000000015,0.9997302836285592,C,2.0,Z
155409530.0,7.7,2.0,1,2024-12-19 23:34:11,2.0,213,1,2.0,1,2,1,4,Риск ухода,52524.500000000015,0.9997683522766102,C,0.0,
7825102.0,7.47,1.9399999999999995,1,2025-02-18 00:11:10,1.9399999999999995,153,1,1.9399999999999995,2,2,1,5,Риск ухода,52526.44000000002,0.9998052788652196,C,0.0,
5471875.0,8.46,1.8000000000000007,1,2025-06-14 11:35:48,1.8000000000000007,37,1,1.8000000000000007,3,2,1,6,Риск ухода,52528.24000000002,0.9998395406484656,C,0.0,
156130168.0,6.56,1.6999999999999993,1,2024-08-28 20:55:31,1.6999999999999993,326,1,1.6999999999999993,1,2,1,4,Риск ухода,52529.94000000002,0.9998718989993088,C,0.0,
5198422.0,66.75,1.5999999999999996,4,2025-05-02 18:20:05,0.3999999999999999,80,4,1.5999999999999996,2,3,1,6,Риск ухода,52531.540000000015,0.9999023539177496,C,1.4142135623730951,Z
156878206.0,5.35,1.3899999999999997,1,2025-03-25 20:30:54,1.3899999999999997,117,1,1.3899999999999997,2,2,1,5,Риск ухода,52532.930000000015,0.999928811628145,C,0.0,
7850093.0,15.02,1.2000000000000002,2,2025-06-11 14:35:21,0.6000000000000001,40,2,1.2000000000000002,3,2,1,6,Риск ухода,52534.13000000001,0.9999516528169755,C,1.414213562373095,Z
156433230.0,4.37,1.13,1,2024-11-17 13:56:12,1.13,246,1,1.13,1,2,1,4,Риск ухода,52535.26000000001,0.9999731616031243,C,0.0,
155195957.0,37.790000000000006,0.5900000000000001,2,2025-06-27 12:51:05,0.29500000000000004,24,2,0.5900000000000001,4,2,1,7,Лояльные,52535.850000000006,0.9999843918542992,C,1.414213562373095,Z
7863572.0,2.05,0.5499999999999998,1,2024-09-02 01:54:21,0.5499999999999998,322,1,0.5499999999999998,1,2,1,4,Риск ухода,52536.40000000001,0.9999948607325133,C,0.0,
155181971.0,1.05,0.27,1,2024-12-08 14:45:56,0.27,225,1,0.27,1,2,1,4,Риск ухода,52536.670000000006,1.0000000000000002,,0.0,
8825246.0,416.0,0.0,1,2024-11-05 06:52:51,0.0,258,1,0.0,1,2,1,4,Риск ухода,52536.670000000006,1.0000000000000002,,0.0,
8594185.0,83.28,0.0,1,2025-07-13 11:55:52,0.0,8,1,0.0,4,2,1,7,Лояльные,52536.670000000006,1.0000000000000002,,0.0,
8539146.0,13.82,0.0,1,2025-06-19 12:50:03,0.0,32,1,0.0,3,2,1,6,Риск ухода,52536.670000000006,1.0000000000000002,,0.0,
155545696.0,530.0,0.0,1,2025-07-15 17:29:56,0.0,6,1,0.0,4,2,1,7,Лояльные,52536.670000000006,1.0000000000000002,,0.0,
7744495.0,26.97,0.0,2,2025-05-04 12:59:11,0.0,78,2,0.0,2,2,1,5,Риск ухода,52536.670000000006,1.0000000000000002,,0.0,
8173419.0,122.0,0.0,1,2024-10-24 11:34:16,0.0,270,1,0.0,1,2,1,4,Риск ухода,52536.670000000006,1.0000000000000002,,0.0,
8302470.0,21.5,0.0,1,2024-08-18 13:49:41,0.0,337,1,0.0,1,2,1,4,Риск ухода,52536.670000000006,1.0000000000000002,,0.0,
155317836.0,32.28,0.0,1,2025-05-18 13:00:12,0.0,64,1,0.0,3,2,1,6,Риск ухода,52536.670000000006,1.0000000000000002,,0.0,
155268666.0,19.0,0.0,1,2024-08-04 21:56:29,0.0,350,1,0.0,1,2,1,4,Риск ухода,52536.670000000006,1.0000000000000002,,0.0,
155278258.0,166.8,0.0,2,2025-05-08 23:18:39,0.0,73,2,0.0,3,2,1,6,Риск ухода,52536.670000000006,1.0000000000000002,,0.0,
155385232.0,91.34,0.0,12,2025-06-24 12:24:45,0.0,27,12,0.0,3,4,1,8,Лояльные,52536.670000000006,1.0000000000000002,,0.0,
155455851.0,212.98000000000002,0.0,2,2024-11-09 08:34:04,0.0,254,2,0.0,1,2,1,4,Риск ухода,52536.670000000006,1.0000000000000002,,0.0,
8053598.0,504.0,0.0,1,2024-10-18 13:06:27,0.0,276,1,0.0,1,2,1,4,Риск ухода,52536.670000000006,1.0000000000000002,,0.0,
8483799.0,26.83,0.0,1,2025-04-20 19:26:22,0.0,91,1,0.0,2,2,1,5,Риск ухода,52536.670000000006,1.0000000000000002,,0.0,
156962965.0,8.42,0.0,1,2025-04-16 09:10:38,0.0,96,1,0.0,2,2,1,5,Риск ухода,52536.670000000006,1.0000000000000002,,0.0,
156968664.0,360.0,0.0,1,2025-04-17 09:57:31,0.0,95,1,0.0,2,2,1,5,Риск ухода,52536.670000000006,1.0000000000000002,,0.0,
8089291.0,371.92,0.0,3,2025-04-26 12:51:26,0.0,86,3,0.0,2,2,1,5,Риск ухода,52536.670000000006,1.0000000000000002,,0.0,
8171009.0,20.0,0.0,2,2024-10-18 11:28:45,0.0,276,2,0.0,1,2,1,4,Риск ухода,52536.670000000006,1.0000000000000002,,0.0,
155594925.0,404.82,0.0,3,2025-06-06 11:17:43,0.0,45,3,0.0,3,2,1,6,Риск ухода,52536.670000000006,1.0000000000000002,,0.0,
7670590.0,205.18,0.0,3,2025-06-15 12:32:56,0.0,36,3,0.0,3,2,1,6,Риск ухода,52536.670000000006,1.0000000000000002,,0.0,
7691463.0,23.28,0.0,1,2025-06-26 23:51:07,0.0,24,1,0.0,4,2,1,7,Лояльные,52536.670000000006,1.0000000000000002,,0.0,
7340977.0,14.04,0.0,1,2025-04-26 18:09:43,0.0,86,1,0.0,2,2,1,5,Риск ухода,52536.670000000006,1.0000000000000002,,0.0,
7396859.0,41.980000000000004,0.0,2,2025-05-31 17:45:10,0.0,51,2,0.0,3,2,1,6,Риск ухода,52536.670000000006,1.0000000000000002,,0.0,
7720089.0,108.95,0.0,1,2025-06-07 12:16:26,0.0,44,1,0.0,3,2,1,6,Риск ухода,52536.670000000006,1.0000000000000002,,0.0,
155811904.0,51.72,0.0,1,2025-07-09 13:02:30,0.0,12,1,0.0,4,2,1,7,Лояльные,52536.670000000006,1.0000000000000002,,0.0,
155975141.0,166.5,0.0,2,2024-07-22 15:22:17,0.0,364,2,0.0,1,2,1,4,Риск ухода,52536.670000000006,1.0000000000000002,,0.0,
7063163.0,88.08,0.0,2,2025-04-21 13:29:48,0.0,91,2,0.0,2,2,1,5,Риск ухода,52536.670000000006,1.0000000000000002,,0.0,
156082679.0,16.88,0.0,1,2025-06-24 09:12:12,0.0,27,1,0.0,3,2,1,6,Риск ухода,52536.670000000006,1.0000000000000002,,0.0,
156125937.0,123.56,0.0,3,2024-11-22 22:06:59,0.0,240,3,0.0,1,2,1,4,Риск ухода,52536.670000000006,1.0000000000000002,,0.0,
156392187.0,564.0,0.0,1,2024-11-05 15:28:45,0.0,258,1,0.0,1,2,1,4,Риск ухода,52536.670000000006,1.0000000000000002,,0.0,
156329850.0,35.0,0.0,1,2024-10-20 22:42:00,0.0,273,1,0.0,1,2,1,4,Риск ухода,52536.670000000006,1.0000000000000002,,0.0,
156342046.0,23.81,0.0,1,2024-10-23 09:31:31,0.0,271,1,0.0,1,2,1,4,Риск ухода,52536.670000000006,1.0000000000000002,,0.0,
156389063.0,19.0,0.0,1,2024-11-05 15:27:56,0.0,258,1,0.0,1,2,1,4,Риск ухода,52536.670000000006,1.0000000000000002,,0.0,
156282159.0,27.19,0.0,1,2024-10-15 13:42:59,0.0,279,1,0.0,1,2,1,4,Риск ухода,52536.670000000006,1.0000000000000002,,0.0,
5672122.0,127.72,0.0,2,2024-11-24 11:25:20,0.0,239,2,0.0,1,2,1,4,Риск ухода,52536.670000000006,1.0000000000000002,,0.0,
6104631.0,44.45,0.0,1,2025-07-15 12:32:27,0.0,6,1,0.0,4,2,1,7,Лояльные,52536.670000000006,1.0000000000000002,,0.0,
156161319.0,69.77,0.0,1,2025-07-02 10:36:59,0.0,19,1,0.0,4,2,1,7,Лояльные,52536.670000000006,1.0000000000000002,,0.0,
6584504.0,79.54,0.0,1,2025-05-27 09:42:48,0.0,55,1,0.0,3,2,1,6,Риск ухода,52536.670000000006,1.0000000000000002,,0.0,
156149823.0,50.15,0.0,1,2024-09-03 15:30:00,0.0,321,1,0.0,1,2,1,4,Риск ухода,52536.670000000006,1.0000000000000002,,0.0,
7260882.0,24.59,0.0,1,2025-05-02 17:26:18,0.0,80,1,0.0,2,2,1,5,Риск ухода,52536.670000000006,1.0000000000000002,,0.0,
7875799.0,279.15,0.0,4,2025-05-22 19:31:01,0.0,59,4,0.0,3,3,1,7,Лояльные,52536.670000000006,1.0000000000000002,,0.0,
156421751.0,68.0,0.0,1,2024-11-13 16:54:15,0.0,250,1,0.0,1,2,1,4,Риск ухода,52536.670000000006,1.0000000000000002,,0.0,
10406130.0,11.7,0.0,1,2025-07-02 15:48:21,0.0,19,1,0.0,4,2,1,7,Лояльные,52536.670000000006,1.0000000000000002,,0.0,
9184149.0,205.0,0.0,2,2025-06-05 17:33:15,0.0,46,2,0.0,3,2,1,6,Риск ухода,52536.670000000006,1.0000000000000002,,0.0,
10404218.0,28.5,0.0,1,2024-08-02 08:19:13,0.0,353,1,0.0,1,2,1,4,Риск ухода,52536.670000000006,1.0000000000000002,,0.0,
5072090.0,84.24,0.0,1,2025-07-04 18:52:34,0.0,17,1,0.0,4,2,1,7,Лояльные,52536.670000000006,1.0000000000000002,,0.0,
156409790.0,12.69,0.0,1,2025-06-18 22:48:26,0.0,32,1,0.0,3,2,1,6,Риск ухода,52536.670000000006,1.0000000000000002,,0.0,
156425859.0,266.0,0.0,1,2024-11-19 13:42:46,0.0,244,1,0.0,1,2,1,4,Риск ухода,52536.670000000006,1.0000000000000002,,0.0,
156458394.0,2.69,0.0,1,2024-11-24 22:57:44,0.0,238,1,0.0,1,2,1,4,Риск ухода,52536.670000000006,1.0000000000000002,,0.0,
4933485.0,164.67,0.0,1,2025-04-22 21:22:07,0.0,89,1,0.0,2,2,1,5,Риск ухода,52536.670000000006,1.0000000000000002,,0.0,
157381098.0,35.84,0.0,1,2025-07-04 11:55:48,0.0,17,1,0.0,4,2,1,7,Лояльные,52536.670000000006,1.0000000000000002,,0.0,
9829593.0,99.52,0.0,1,2025-01-31 19:13:56,0.0,170,1,0.0,2,2,1,5,Риск ухода,52536.670000000006,1.0000000000000002,,0.0,
10179852.0,139.0,0.0,1,2025-04-19 11:53:59,0.0,93,1,0.0,2,2,1,5,Риск ухода,52536.670000000006,1.0000000000000002,,0.0,
156594025.0,13.74,0.0,1,2025-07-16 12:09:50,0.0,5,1,0.0,4,2,1,7,Лояльные,52536.670000000006,1.0000000000000002,,0.0,
10254577.0,182.3,0.0,2,2024-08-05 11:24:13,0.0,350,2,0.0,1,2,1,4,Риск ухода,52536.670000000006,1.0000000000000002,,0.0,
156665326.0,18.54,0.0,1,2025-02-03 11:28:01,0.0,168,1,0.0,2,2,1,5,Риск ухода,52536.670000000006,1.0000000000000002,,0.0,
4636890.0,58.8,0.0,1,2024-11-28 16:06:04,0.0,235,1,0.0,1,2,1,4,Риск ухода,52536.670000000006,1.0000000000000002,,0.0,
156608514.0,34.46,0.0,1,2025-01-15 18:52:29,0.0,187,1,0.0,1,2,1,4,Риск ухода,52536.670000000006,1.0000000000000002,,0.0,
156656591.0,27.0,0.0,1,2025-01-30 22:30:10,0.0,171,1,0.0,2,2,1,5,Риск ухода,52536.670000000006,1.0000000000000002,,0.0,
156652100.0,49.0,0.0,1,2025-01-29 16:04:50,0.0,173,1,0.0,2,2,1,5,Риск ухода,52536.670000000006,1.0000000000000002,,0.0,
156741554.0,108.0,0.0,1,2025-02-24 22:30:41,0.0,146,1,0.0,2,2,1,5,Риск ухода,52536.670000000006,1.0000000000000002,,0.0,
